{"paths":{},"types":[],"uuids":["29FYIk+N1GYaeWH/q1NxQO","f0BIwQ8D5Ml7nTNQbh1YlS","e97GVMl6JHh5Ml5qEDdSGa","7cOAzci4FOGp6r0EpEVg2P","d0KcUSftdKlZPiZjePtmaQ","83D2hPFhxDEpb1yVEIs7fT","3cbNT4espFFbDDZfQSBrIN","e3YsGT22NEl7p5xTrz1E3h","aeGCal9rRKsaTPabQAu/9m","f9ODpWd+hO4ql0s1bXJ685","03DfQgI+1LE6zKR2IRULvQ","05i6lblG5KiacU5gbPj9CW","07g3i0/bZO4bW2N0kqy4Vj","07ygEijCBM8IjlJ14L/8eM","0aerNxJhxHW56C6oB5Qwz6","0aucRUI7tN/aFjVIMFZWJM","0bbI158aFOJqnXnPoUBhVM","0cO7bUjRJGlpei/P+SEQnb","0cZkgPcKNHqY4XHU4AsjfC","0fbJNcTm1FKJJcHZKX3VrZ","143n9t+zxKPbSgs/sS9oUw","189q0s3lVGFZ6ZDmXbJOBw","1b1au9VKhPn7o9X+ibyVJK","1ehDPDlvNAoonpH5jeCg1W","21ZSdkqyVJj6KV9bK0zdGi","2190LcqXNIU789y2kNCQ7g","23QA/tqElDtr/ynev2Csz/","24bYXa1lBDqoU/BUmgzEFe","25xlVVlO1JiZa6zbKGoV38","27BLtRKj1KpogihfqtvNlE","27PK6wutVNJL1KJxgdFYi3","27g239IMFHXoszTRxZe/xr","2bJ0GVr4xJGIjN2k8JRiBB","2c3UrwXTVCd6AaO/CgYgXp","2f7FW/nH5D+6LSeh4YFuZS","30/lImfzFEJKWUvSC22F4k","34bt4ndNVITp857wkNgVa/","39hPFZ6wtOs5/q4UFGy1UR","3dXQUMdgNFLZ4pKtegvD5x","3dobAM6/dNM5S+KCfNwg/G","3eFV7maUtHlajXVX5Y2SJI","3fWJuoH5lJVoeur4mr5px5","418Xu4onFB15YuqZs9xGew","42fAhqm/5HU6+5CGuCD7fW","44ykkEmANK/4fVuBJo+c2H","45yRQsU55Ld5Pa1tnioGoH","46Fo0JJyRFppUFgDnMpjd+","47NwkimRNKeK8+iuaATU1/","47Rms+z5RKyZ5JZ9sW+KGJ","4auLwS4GFAObXxA5wjM/KB","4bRJY9fZlLS6sKdVs/+RTm","4csvqTf2RE1bgVudM+yf4M","50deaD8bRI1YI5XKphiH6O","534B0Nk1JFQ5qCf7mJBPQ9","56fc2Ai/RFNYpaMT8crweK","57cVF7mqdK/Zw4F/QLNEvM","570cQHZelLUI10+wlnP62E","59HlyJNLxPRbmAQyTU/2WK","5b8fTdnpREFLReD86UFanC","5eDl+EMbRBjbwkTmOI9gNZ","5fuAY3W9xBn4MrVaHJcSMU","633N1igVZDcZili1ziB3sy","65Ppv7JYhDxrEVsQer0jPu","66FJUqKRZBPal59ibbaQDS","67WdLo2+hP+KyzvKV3PWrV","6eKY4eQb5HRIqXXZKrU20F","6ehUeAXwRAHKFE+TiY54jq","71O6CjtrBNvrj8+/0bnOL2","71VhFCTINJM6/Ky3oX9nBT","72aBHKQCBD0YUJHinOseYW","74HP3YVQBIAbP9rAAAAceD","77qRMqaNhFZqTFzMrNVLey","79YAcwD0tHxJdXFhdUIWde","7dcjNMfgFCe7KZPd9gcjcW","82jdobj8RKKZiIhVz9yxYJ","82w8eqWpVIioimY+sweIhG","85ezrw0AxMTrYvR07kLOUS","85td1tsINMJ7W1upqxLjhH","890EDTOuVMapQjj6Z2JxE6","8af1XmqlJHaZKIStaEn0mA","93htIuO8RDTLJY/NwUdeWI","94yPxXUoxOy4lkOFv2LiZD","99FwsL0hBG8bITfZ4/IwmK","99zelGEbdCqLSp7BmjG+iZ","9ba1XDrhNCP5XntvR0tcgA","9elmvuhm1Ev41bPliXcohu","a2Ld00w9lCS4q8tTP3F32c","a3wW2KsBtNxaWtle8Pv5qU","a4YZ2rhJ1IYZyIIhASMGIT","a6ZPvJlC5KvbmIvvy3MIBw","acFYTZmelJ4IEqpO0SoKzN","acyMdxbhdBXJt1hw2mlHQO","b1C9sF6yVJ9qxpceC1oH3z","b2Fh/jdg1IUagQiKiNfgZY","b2mMwxsH9DsLqk1aqVHZJf","b4P/PCArtIdIH38t6mlw8Y","b98pjTIlxPO4/rQWpBGv+l","beOSkHTe5FE5v/8FW0RmI0","c1XutKlW1CaZk+VcgdtRwU","c196Wji6FAtYU4qixAq9Rd","c2W51QyPxNJ77rbnwfLlwP","c5D6yhMvFPt78o9ieeYr6s","c8f3fGCCdE2aH3Bk6jY3hj","caW0dtEBdLDYPJqiyTdxLV","cf73jxyN9Jt47QTJU6ziYh","d0P5K8IBZLqob3PGw9RF8V","d2dgsmWTRBMJUNScFGwP8n","d3hG0rMGZDyZF0NmxPWIBz","d4jp2bNJ1OrrL5B/RhPV5E","d6L9NMTnhL16UD0xnUZ8RR","d7F3vJOH1O2LZBuUrqrihi","daOiKnPAxJco7DfpC0E67H","dc2QHwdbBBUZ65y3DRhnEg","e4HCmOa5pJc4jVuBOUBsh4","e6ZHLXnHJCcIJVA/tYoAl+","e7waqI/dtLpoolOwXK4ktQ","e8Ueib+qJEhL6mXAHdnwbi","eb0b2hNDdBEIxUjZfV19oc","eb3BmuNnlEp7E3dqr86jxD","eczYzmrAVGha9jNBEjHfHh","efa9XiPtJIJZT26qdAuO8p","f5kF0YkT5H9I8agUivFBXF","f6iKdfRwlIG5D43B7BvHBb","f7xyTZLstL1oNuJtgm9+Yn","fb8rwO3y5NlafB/UVZhtje","fdhYgdQVJBrZzQENeD8xS0","feMOhNI21DVZwwpZXg88sA","02delMVqdBD70a/HSD99FK","05rRO2OWpOy51LahqwpMOf","0bRZVlE2lN85a9w7eyckBI","12IhSzDJ9NCokeo9tvCuGz","14nu1uG8xDzr+wTYof7Iqo","15TfU9BK9NFoIoAoAS2k3M","1aPe8rxmxFMYR2nTpoSuin","27tU/i219Kq6vKCwIHI5wt","2dwd8FAzBHhb68pyHdBfSB","2e1XHqmD9H0LTtzjHnyRJY","30yGVcVZJG96lfNHxQxYYQ","36XYgm1nBHQp6lPu8GRB97","3bb/LkJK5CFrb8mZiJ3/dx","50GN7rrfhC277PZvO9xoNQ","50R8sMavhLWYKVHPfnvq0t","55cSLKQOhCNIM9wygOkpq8","5blI7CH7xCwK2tpXi1lKmM","5ekW4GdmVA4KsOi3jC6fD1","655UYC29lE2KE+J3jnGRkZ","66+ccVg3tKYosraFnE4AcE","675ovJ2tVK2aLYfgPUWOMv","695uXFbA1GiLYMLHf5Jr4R","71aNtiDtxC5b5daCz2xKFl","77JTzT1L5HS6hYRGSzV3LY","77n6Cp1ixIQpzQvx+CxYH3","777h6yp4xAUoT1SCy4NSRs","7cdzehCh1A8KSRzSSWUusW","7eJE7GC6VJhpcNgFVieviO","82SQvXqIlFq52uhOTVxYAl","8855/VlrRKd6H0MSRnFxAU","88/4Ftf8NAGr5whdlor7XB","8d2QQ9ustDEoeVKmf6ByDh","8fY1cL4zVNlJxTS39wtOEu","9cP2+LLD9D5I+H95PVM985","a0st/bKHlBI4srhKh+kcw+","a1fN1buuhJ84xjEHhHxaQt","a2MjXRFdtLlYQ5ouAFv/+R","a44DyaxGhMwIOiEIrGP0dl","a5FJmQqd1D2qjbnIIQ3WQe","b0k4D8hIlGqLkSdZ0whay1","cfYLJqVWBMo5eRs152drrm","d1BYK7s3xD3r2XpBOHAd/k","d9XRBTXAlGDoq8TLKHUiF1","e2aLztbIdBsoUoDAIEF2rX","e61MzqJkRFWZaGSQ3nFddy","e61X6TawVNk6305qGeMQoW","e7q6FL+VZEgLJUjVeDLic/","e8wxfXSiRPkKLcaQ7oyoRB","ebWgXuumxHa7RhOjAANK2H","ecpdLyjvZBwrvm+cedCcQy","ee7nxVgsNC7Y11wxB69SJ5"],"scenes":{"db://assets/Scene/act/button.fire":97,"db://assets/Scene/act/canoon.fire":90,"db://assets/Scene/act/choice.fire":65,"db://assets/Scene/act/coward.fire":11,"db://assets/Scene/act/dairy_text.fire":123,"db://assets/Scene/act/lingjian.fire":26,"db://assets/Scene/act/scen1.fire":122,"db://assets/Scene/act/scen2.fire":34,"db://assets/Scene/act/scen3.fire":91,"db://assets/Scene/act/scen4.fire":71,"db://assets/Scene/act/scen5.fire":53,"db://assets/Scene/lsm/Game.fire":43,"db://assets/Scene/lsm/Lose.fire":107,"db://assets/Scene/lsm/Outside.fire":10,"db://assets/Scene/lsm/Win.fire":21,"db://assets/Scene/wyx/dizzy.fire":86,"db://assets/Scene/wyx/Scene 1.1.fire":108,"db://assets/Scene/wyx/Scene 1.21.fire":126,"db://assets/Scene/wyx/Scene 1.22.fire":38,"db://assets/Scene/wyx/Scene 2.1.fire":46,"db://assets/Scene/wyx/Scene 2.2.fire":80,"db://assets/Scene/wyx/Scene 2.3.fire":67,"db://assets/Scene/wyx/Scene 2.31.fire":12,"db://assets/Scene/wyx/scene1.fire":89,"db://assets/Scene/ywj/Gamey.fire":32,"db://assets/Scene/ywj/Losey.fire":24,"db://assets/Scene/ywj/Winy.fire":117,"db://assets/Scene/zyy/bad_ending.fire":121,"db://assets/Scene/zyy/diary_e.fire":30,"db://assets/Scene/zyy/diary_e1.fire":64,"db://assets/Scene/zyy/fakegoodending.fire":83,"db://assets/Scene/zyy/good_ending.fire":69,"db://assets/Scene/zyy/good_ending1.fire":87,"db://assets/Scene/zyy/helping.fire":20,"db://assets/Scene/zyy/home.fire":115,"db://assets/Scene/zyy/right_anser.fire":85,"db://assets/Scene/zyy/saveScene.fire":58,"db://assets/Scene/zyy/scene_test1.fire":63,"db://assets/Scene/zyy/scene_test2.fire":73,"db://assets/Scene/zyy/scene_test3.fire":78,"db://assets/Scene/zyy/scene_test4.fire":31,"db://assets/Scene/zyy/scene_test5.fire":103,"db://assets/Scene/zyy/scene4.1.fire":98,"db://assets/Scene/zyy/scene4.fire":70,"db://assets/Scene/zyy/wrong_anser.fire":25,"db://assets/Scene/zyy/wrong_anser3.fire":36,"db://assets/Scene/zyy/wrong_anser4.fire":110,"db://assets/Scene/zyy/wrong_anser5.fire":94,"db://assets/Scene/zyy/wrong_anser6.fire":74},"redirect":[127,0,176,0],"deps":["internal"],"packs":{"012de2f79":[129,136,43,140,163,106,9],"0184185b8":[3,74,4],"01af49dc8":[0,6,5,91,2,1],"024b4a2d7":[31,0,3,4,2,1],"024ef8087":[36,3,4],"024f2ed81":[3,4,110],"0282c8c3a":[0,149,70,3,4,2,1],"02887f020":[131,138,144,3,167,121],"0323a279e":[20,28,134,0,2,1],"032cc3175":[46,59,169,7],"037c1c408":[13,14,16,18,19,22,23,27,29,33,35,37,39,40,41,42,44,47,49,50,51,52,54,56,57,61,62,66,68,72,75,76,77,79,81,82,84,88,92,95,100,101,104,105,109,111,112,113,114,116,118,120,124,125],"03bbae75a":[132,24,3],"03f171806":[130,0,137,58,159,172,173,2,1],"03f396fc7":[0,6,53,5,2,1],"042725cd2":[133,0,135,67,7,174,2,119,1],"044100067":[25,3,4],"05ea59b9a":[0,48,5,90,93,2,1],"06282e4f2":[0,3,158,98,2,1],"0688f2914":[11,0,143,5,2,1],"06cb8563f":[0,69,3,153,2,1],"07cce3803":[0,6,71,5,2,1],"07d318411":[30,0,152,4,2,1],"07d9b7716":[38,150,7],"07faa1a7c":[0,64,154,4,2,1],"0822f7c45":[146,3,87],"083c44c19":[0,6,5,96,2,1,122],"08856b9e8":[3,94,4],"08bea5821":[6,148,160,165,96,97,171,175],"08bfdaaaa":[26,6,5],"0902b2fff":[3,85,4],"0923993ad":[0,3,103,4,2,1],"095a4e863":[3,102,107,9],"0978fefa7":[28,147,156,168,115],"0a0595c46":[10,155],"0a169c5d6":[21,55,3,9],"0ad808d0d":[0,34,6,5,2,1],"0adba0894":[0,48,65,5,1],"0b6a0dc72":[3,157,117],"0c2960b8b":[128,0,6,2,1,123],"0c3754011":[0,3,78,4,2,1],"0c9b8e76f":[12,151,7],"0cd4d52b4":[0,63,3,4,2,1],"0ce62e9a3":[15,0,8,108,7,2,1],"0d29c3f66":[32,139,141,145,161,166,170,177],"0d5fdcce3":[142,3,83],"0d6d83573":[80,7,119],"0db725a99":[8,7,126],"0f319fc30":[0,162,164,89,8,7,2,1],"0fe7302e2":[0,3,73,4,2,1]},"name":"main","importBase":"import","nativeBase":"native","debug":false,"isZip":false,"encrypted":true,"versions":{"import":["012de2f79","43350","0184185b8","6f06d","01af49dc8","3d663","024b4a2d7","34aa2","024ef8087","1f955","024f2ed81","05247","0282c8c3a","d52c9","02887f020","3ce0b","0323a279e","e1840","032cc3175","54b56","037c1c408","8b23f","03bbae75a","f9126","03f171806","cc4f5","03f396fc7","e4539","042725cd2","c1ff6","044100067","2368f","05ea59b9a","7d00e","06282e4f2","c202a","0688f2914","1ec22","06cb8563f","0cc86","07cce3803","0913a","07d318411","8a17f","07d9b7716","34543","07faa1a7c","61ded","0822f7c45","fad4f","083c44c19","f79d2","08856b9e8","754e9","08bea5821","6cdd1","08bfdaaaa","c0679","0902b2fff","a2eb2","0923993ad","741f5","095a4e863","6964a","0978fefa7","df11e","0a0595c46","97253","0a169c5d6","0e494","0ad808d0d","1b80c","0adba0894","fcdc7","0b6a0dc72","ca83e","0c2960b8b","fce4b","0c3754011","6df60",17,"54996","0c9b8e76f","0e90c","0cd4d52b4","460c3","0ce62e9a3","89f20","0d29c3f66","7f026","0d5fdcce3","84862","0d6d83573","3ca9c","0db725a99","f7468","0f319fc30","de764","0fe7302e2","a4f92",45,"a7784",60,"fb2ea",86,"3b24d",99,"a7784"],"native":[13,"5ad8b",14,"debdf",15,"bcfba",16,"574e8",17,"4bd44",18,"4e359",19,"0306c",22,"0dbbb",23,"7b14a",27,"d6b85",29,"def5d",33,"53d94",35,"a3207",37,"e593f",39,"acaf0",40,"8d719",41,"749fc",42,"ca0e2",44,"f12c1",45,"5b184",47,"b4a16",49,"474a8",50,"47900",51,"6df14",52,"1353a",54,"5f1d9",55,"112a8",56,"21cca",57,"47900",59,"d8917",60,"74cc2",61,"91bbd",62,"ec213",66,"09e09",68,"c06a9",72,"bd30c",75,"7212c",76,"a2d7e",77,"ace76",79,"1d427",81,"3ab35",82,"d1118",84,"2c65a",88,"c5285",92,"80577",93,"23526",95,"83fcc",99,"5b184",100,"d2237",101,"ca0e2",102,"74cc2",104,"a4b59",105,"676ce",106,"0b4a6",109,"481bf",111,"95974",112,"2c686",113,"50858",114,"bcf9c",116,"90cf4",118,"ae735",120,"00952",124,"9fb22",125,"0de15"]}}