{
  "__type__": "cc.AnimationClip",
  "_name": "move",
  "_objFlags": 0,
  "_native": "",
  "_duration": 1,
  "sample": 40,
  "speed": 0.5,
  "wrapMode": 2,
  "curveData": {
    "props": {
      "x": [
        {
          "frame": 0,
          "value": -250
        },
        {
          "frame": 0.25,
          "value": 0
        },
        {
          "frame": 0.5,
          "value": 250
        },
        {
          "frame": 0.75,
          "value": 0
        },
        {
          "frame": 1,
          "value": -250
        }
      ]
    }
  },
  "events": []
}