{
  "9836134e-b892-4283-b6b2-78b5acf3ed45": {
    "asset": 1669634725461,
    "meta": 1669945151615,
    "relativePath": "effects"
  },
  "430eccbf-bf2c-4e6e-8c0c-884bbb487f32": {
    "asset": 1669634725461,
    "meta": 1669945151687,
    "relativePath": "effects\\__builtin-editor-gizmo-line.effect"
  },
  "6c5cf6e1-b044-4eac-9431-835644d57381": {
    "asset": 1669634725461,
    "meta": 1669945151707,
    "relativePath": "effects\\__builtin-editor-gizmo-unlit.effect"
  },
  "115286d1-2e10-49ee-aab4-341583f607e8": {
    "asset": 1669634725461,
    "meta": 1669945151747,
    "relativePath": "effects\\__builtin-editor-gizmo.effect"
  },
  "abc2cb62-7852-4525-a90d-d474487b88f2": {
    "asset": 1669634725451,
    "meta": 1669945151878,
    "relativePath": "effects\\builtin-phong.effect"
  },
  "e2f00085-c597-422d-9759-52c360279106": {
    "asset": 1669634725461,
    "meta": 1669945151948,
    "relativePath": "effects\\builtin-toon.effect"
  },
  "f8e6b000-5643-4b86-9080-aa680ce1f599": {
    "asset": 1669634725531,
    "meta": 1669945151948,
    "relativePath": "image"
  },
  "e851e89b-faa2-4484-bea6-5c01dd9f06e2": {
    "asset": 1669634725471,
    "meta": 1669945151978,
    "relativePath": "image\\default_btn_normal.png"
  },
  "71561142-4c83-4933-afca-cb7a17f67053": {
    "asset": 1669634725471,
    "meta": 1669945151988,
    "relativePath": "image\\default_btn_disabled.png"
  },
  "edd215b9-2796-4a05-aaf5-81f96c9281ce": {
    "asset": 1669634725481,
    "meta": 1669945151998,
    "relativePath": "image\\default_editbox_bg.png"
  },
  "b43ff3c2-02bb-4874-81f7-f2dea6970f18": {
    "asset": 1669634725481,
    "meta": 1669945152008,
    "relativePath": "image\\default_btn_pressed.png"
  },
  "d81ec8ad-247c-4e62-aa3c-d35c4193c7af": {
    "asset": 1669634725491,
    "meta": 1669945152018,
    "relativePath": "image\\default_panel.png"
  },
  "99170b0b-d210-46f1-b213-7d9e3f23098a": {
    "asset": 1669634725501,
    "meta": 1669945152028,
    "relativePath": "image\\default_progressbar_bg.png"
  },
  "567dcd80-8bf4-4535-8a5a-313f1caf078a": {
    "asset": 1669634725501,
    "meta": 1669945152048,
    "relativePath": "image\\default_radio_button_off.png"
  },
  "cfef78f1-c8df-49b7-8ed0-4c953ace2621": {
    "asset": 1669634725491,
    "meta": 1669945152048,
    "relativePath": "image\\default_progressbar.png"
  },
  "4bab67cb-18e6-4099-b840-355f0473f890": {
    "asset": 1669634725511,
    "meta": 1669945152068,
    "relativePath": "image\\default_scrollbar_bg.png"
  },
  "9d60001f-b5f4-4726-a629-2659e3ded0b8": {
    "asset": 1669634725501,
    "meta": 1669945152068,
    "relativePath": "image\\default_radio_button_on.png"
  },
  "d6d3ca85-4681-47c1-b5dd-d036a9d39ea2": {
    "asset": 1669634725511,
    "meta": 1669945152088,
    "relativePath": "image\\default_scrollbar_vertical.png"
  },
  "617323dd-11f4-4dd3-8eec-0caf6b3b45b9": {
    "asset": 1669634725511,
    "meta": 1669945152098,
    "relativePath": "image\\default_scrollbar_vertical_bg.png"
  },
  "0275e94c-56a7-410f-bd1a-fc7483f7d14a": {
    "asset": 1669634725521,
    "meta": 1669945152108,
    "relativePath": "image\\default_sprite_splash.png"
  },
  "0291c134-b3da-4098-b7b5-e397edbe947f": {
    "asset": 1669634725501,
    "meta": 1669945152108,
    "relativePath": "image\\default_scrollbar.png"
  },
  "6e056173-d285-473c-b206-40a7fff5386e": {
    "asset": 1669634725521,
    "meta": 1669945152128,
    "relativePath": "image\\default_sprite.png"
  },
  "73a0903d-d80e-4e3c-aa67-f999543c08f5": {
    "asset": 1669634725521,
    "meta": 1669945152138,
    "relativePath": "image\\default_toggle_checkmark.png"
  },
  "d29077ba-1627-4a72-9579-7b56a235340c": {
    "asset": 1669634725531,
    "meta": 1669945152158,
    "relativePath": "image\\default_toggle_normal.png"
  },
  "c25b9d50-c8fc-4d27-beeb-6e7c1f2e5c0f": {
    "asset": 1669634725521,
    "meta": 1669945152158,
    "relativePath": "image\\default_toggle_disabled.png"
  },
  "b181c1e4-0a72-4a91-bfb0-ae6f36ca60bd": {
    "asset": 1669634725531,
    "meta": 1669945152188,
    "relativePath": "image\\default_toggle_pressed.png"
  },
  "5c3eedba-6c41-4c0c-9ba7-d91f813cbd1c": {
    "asset": 1669634725541,
    "meta": 1669945152188,
    "relativePath": "materials"
  },
  "c4480a0a-6ac5-443f-8b40-361a14257fc8": {
    "asset": 1669634725541,
    "meta": 1669945152956,
    "relativePath": "materials\\builtin-phong.mtl"
  },
  "fc09f9bd-2cce-4605-b630-8145ef809ed6": {
    "asset": 1669634725551,
    "meta": 1669945152198,
    "relativePath": "misc"
  },
  "600301aa-3357-4a10-b086-84f011fa32ba": {
    "asset": 1669634725471,
    "meta": 1669945152208,
    "relativePath": "image\\default-particle.png"
  },
  "db019bf7-f71c-4111-98cf-918ea180cb48": {
    "asset": 1669634725581,
    "meta": 1669945152208,
    "relativePath": "model"
  },
  "e39e96e6-6f6e-413f-bcf1-ac7679bb648a": {
    "asset": 1669634725581,
    "meta": 1669945152208,
    "relativePath": "model\\prefab"
  },
  "a87cc147-01b2-43f8-8e42-a7ca90b0c757": {
    "asset": 1669945152218,
    "meta": 1669945152228,
    "relativePath": "model\\prefab\\box.prefab"
  },
  "fe1417b6-fe6b-46a4-ae7c-9fd331f33a2a": {
    "asset": 1669945152228,
    "meta": 1669945152228,
    "relativePath": "model\\prefab\\capsule.prefab"
  },
  "b5fc2cf2-7942-483d-be1f-bbeadc4714ad": {
    "asset": 1669945152228,
    "meta": 1669945152238,
    "relativePath": "model\\prefab\\cone.prefab"
  },
  "2be36297-9abb-4fee-8049-9ed5e271da8a": {
    "asset": 1669634725551,
    "meta": 1669945152242,
    "relativePath": "misc\\default_video.mp4"
  },
  "1c5e4038-953a-44c2-b620-0bbfc6170477": {
    "asset": 1669945152242,
    "meta": 1669945152242,
    "relativePath": "model\\prefab\\cylinder.prefab"
  },
  "3f376125-a699-40ca-ad05-04d662eaa1f2": {
    "asset": 1669945152242,
    "meta": 1669945152242,
    "relativePath": "model\\prefab\\plane.prefab"
  },
  "6c9ef10d-b479-420b-bfe6-39cdda6a8ae0": {
    "asset": 1669945152252,
    "meta": 1669945152252,
    "relativePath": "model\\prefab\\quad.prefab"
  },
  "2d9a4b85-b0ab-4c46-84c5-18f393ab2058": {
    "asset": 1669945152252,
    "meta": 1669945152252,
    "relativePath": "model\\prefab\\sphere.prefab"
  },
  "de510076-056b-484f-b94c-83bef217d0e1": {
    "asset": 1669945152282,
    "meta": 1669945152292,
    "relativePath": "model\\prefab\\torus.prefab"
  },
  "f6e6dd15-71d1-4ffe-ace7-24fd39942c05": {
    "asset": 1669634725591,
    "meta": 1669945152292,
    "relativePath": "obsolete"
  },
  "8a96b965-2dc0-4e03-aa90-3b79cb93b5b4": {
    "asset": 1669634725591,
    "meta": 1669945152312,
    "relativePath": "obsolete\\atom.png"
  },
  "f743d2b6-b7ea-4c14-a55b-547ed4d0a045": {
    "asset": 1669634725601,
    "meta": 1669945152312,
    "relativePath": "particle"
  },
  "b8223619-7e38-47c4-841f-9160c232495a": {
    "asset": 1669634725591,
    "meta": 1669945152992,
    "relativePath": "obsolete\\atom.plist"
  },
  "d0a82d39-bede-46c4-b698-c81ff0dedfff": {
    "asset": 1669634725601,
    "meta": 1669945152332,
    "relativePath": "particle\\atom.png"
  },
  "ae6c6c98-11e4-452f-8758-75f5c6a56e83": {
    "asset": 1669634725681,
    "meta": 1669945152332,
    "relativePath": "prefab"
  },
  "897ef7a1-4860-4f64-968d-f5924b18668a": {
    "asset": 1669945152342,
    "meta": 1669945152342,
    "relativePath": "prefab\\2d-camera.prefab"
  },
  "70d7cdb0-04cd-41bb-9480-c06a4785f386": {
    "asset": 1669945152352,
    "meta": 1669945152352,
    "relativePath": "prefab\\3d-camera.prefab"
  },
  "70bbeb73-6dc2-4ee4-8faf-76b3a0e34ec4": {
    "asset": 1669945152352,
    "meta": 1669945152352,
    "relativePath": "prefab\\3d-particle.prefab"
  },
  "b2687ac4-099e-403c-a192-ff477686f4f5": {
    "asset": 1669634725591,
    "meta": 1669945153004,
    "relativePath": "particle\\atom.plist"
  },
  "ed88f13d-fcad-4848-aa35-65a2cb973584": {
    "asset": 1669945152362,
    "meta": 1669945152362,
    "relativePath": "prefab\\3d-stage.prefab"
  },
  "972b9a4d-47ee-4c74-b5c3-61d8a69bc29f": {
    "asset": 1669945152362,
    "meta": 1669945152372,
    "relativePath": "prefab\\button.prefab"
  },
  "2c937608-2562-40ea-b264-7395df6f0cea": {
    "asset": 1669945152372,
    "meta": 1669945152382,
    "relativePath": "prefab\\canvas.prefab"
  },
  "61aeb05b-3b32-452b-8eed-2b76deeed554": {
    "asset": 1669945152382,
    "meta": 1669945152382,
    "relativePath": "prefab\\editbox.prefab"
  },
  "27756ebb-3d33-44b0-9b96-e858fadd4dd4": {
    "asset": 1669945152392,
    "meta": 1669945152392,
    "relativePath": "prefab\\label.prefab"
  },
  "785a442c-3ceb-45be-a46e-7317f625f3b9": {
    "asset": 1669945152392,
    "meta": 1669945152392,
    "relativePath": "prefab\\layout.prefab"
  },
  "a3ee0214-b432-4865-9666-4a3211814282": {
    "asset": 1669634725641,
    "meta": 1669945152392,
    "relativePath": "prefab\\light"
  },
  "61906da3-7003-4bda-9abc-5769c76faee4": {
    "asset": 1669945152402,
    "meta": 1669945152402,
    "relativePath": "prefab\\light\\ambient.prefab"
  },
  "ddb99b39-7004-47cd-9705-751905c43c46": {
    "asset": 1669945152402,
    "meta": 1669945152402,
    "relativePath": "prefab\\light\\directional.prefab"
  },
  "0cf30284-9073-46bc-9eba-e62b69dbbff3": {
    "asset": 1669945152412,
    "meta": 1669945152412,
    "relativePath": "prefab\\light\\point.prefab"
  },
  "f5331fd2-bf42-4ee3-a3fd-3e1657600eff": {
    "asset": 1669945152412,
    "meta": 1669945152412,
    "relativePath": "prefab\\light\\spot.prefab"
  },
  "ca8401fe-ad6e-41a8-bd46-8e3e4e9945be": {
    "asset": 1669945152412,
    "meta": 1669945152422,
    "relativePath": "prefab\\pageview.prefab"
  },
  "cd33edea-55f5-46c2-958d-357a01384a36": {
    "asset": 1669945152422,
    "meta": 1669945152422,
    "relativePath": "prefab\\particlesystem.prefab"
  },
  "5965ffac-69da-4b55-bcde-9225d0613c28": {
    "asset": 1669945152422,
    "meta": 1669945152432,
    "relativePath": "prefab\\progressBar.prefab"
  },
  "4a37dd57-78cd-4cec-aad4-f11a73d12b63": {
    "asset": 1669945152432,
    "meta": 1669945152432,
    "relativePath": "prefab\\richtext.prefab"
  },
  "32044bd2-481f-4cf1-a656-e2b2fb1594eb": {
    "asset": 1669945152432,
    "meta": 1669945152442,
    "relativePath": "prefab\\scrollview.prefab"
  },
  "0004d1cf-a0ad-47d8-ab17-34d3db9d35a3": {
    "asset": 1669945152442,
    "meta": 1669945152442,
    "relativePath": "prefab\\slider.prefab"
  },
  "1f55e3be-b89b-4b79-88de-47fd31018044": {
    "asset": 1669945152442,
    "meta": 1669945152452,
    "relativePath": "prefab\\sprite_splash.prefab"
  },
  "96083d03-c332-4a3f-9386-d03e2d19e8ee": {
    "asset": 1669945152452,
    "meta": 1669945152452,
    "relativePath": "prefab\\sprite.prefab"
  },
  "7de03a80-4457-438d-95a7-3e7cdffd6086": {
    "asset": 1669945152452,
    "meta": 1669945152462,
    "relativePath": "prefab\\tiledmap.prefab"
  },
  "0e42ba95-1fa1-46aa-b2cf-143cd1bcee2c": {
    "asset": 1669945152462,
    "meta": 1669945152462,
    "relativePath": "prefab\\tiledtile.prefab"
  },
  "0d784963-d024-4ea6-a7db-03be0ad63010": {
    "asset": 1669945152472,
    "meta": 1669945152472,
    "relativePath": "prefab\\toggle.prefab"
  },
  "bf0a434c-84dd-4a8e-a08a-7a36f180cc75": {
    "asset": 1669945152482,
    "meta": 1669945152482,
    "relativePath": "prefab\\toggleContainer.prefab"
  },
  "d1b8be49-b0a0-435c-83b7-552bed4bbe35": {
    "asset": 1669945152492,
    "meta": 1669945152492,
    "relativePath": "prefab\\toggleGroup.prefab"
  },
  "232d2782-c4bd-4bb4-9e01-909f03d6d3b9": {
    "asset": 1669945152512,
    "meta": 1669945152512,
    "relativePath": "prefab\\videoplayer.prefab"
  },
  "8c5001fd-07ee-4a4b-a8a0-63e15195e94d": {
    "asset": 1669945152522,
    "meta": 1669945152522,
    "relativePath": "prefab\\webview.prefab"
  },
  "d8afc78c-4eac-4a9f-83dd-67bc70344d33": {
    "asset": 1669634725711,
    "meta": 1669945152522,
    "relativePath": "resources"
  },
  "294c1663-4adf-4a1e-a795-53808011a38a": {
    "asset": 1669634725711,
    "meta": 1669945152532,
    "relativePath": "resources\\effects"
  },
  "30682f87-9f0d-4f17-8a44-72863791461b": {
    "asset": 1669634725691,
    "meta": 1669945152542,
    "relativePath": "resources\\effects\\builtin-2d-graphics.effect"
  },
  "144c3297-af63-49e8-b8ef-1cfa29b3be28": {
    "asset": 1669634725691,
    "meta": 1669945152552,
    "relativePath": "resources\\effects\\builtin-2d-gray-sprite.effect"
  },
  "f18742d7-56d2-4eb5-ae49-2d9d710b37c8": {
    "asset": 1669634725691,
    "meta": 1669945152572,
    "relativePath": "resources\\effects\\builtin-2d-label.effect"
  },
  "0e93aeaa-0b53-4e40-b8e0-6268b4e07bd7": {
    "asset": 1669634725701,
    "meta": 1669945152592,
    "relativePath": "resources\\effects\\builtin-2d-spine.effect"
  },
  "2874f8dd-416c-4440-81b7-555975426e93": {
    "asset": 1669634725701,
    "meta": 1669945152616,
    "relativePath": "resources\\effects\\builtin-2d-sprite.effect"
  },
  "829a282c-b049-4019-bd38-5ace8d8a6417": {
    "asset": 1669634725701,
    "meta": 1669945152753,
    "relativePath": "resources\\effects\\builtin-3d-particle.effect"
  },
  "2a7c0036-e0b3-4fe1-8998-89a54b8a2bec": {
    "asset": 1669634725701,
    "meta": 1669945152810,
    "relativePath": "resources\\effects\\builtin-3d-trail.effect"
  },
  "c0040c95-c57f-49cd-9cbc-12316b73d0d4": {
    "asset": 1669634725711,
    "meta": 1669945152822,
    "relativePath": "resources\\effects\\builtin-clear-stencil.effect"
  },
  "6d91e591-4ce0-465c-809f-610ec95019c6": {
    "asset": 1669634725711,
    "meta": 1669945152850,
    "relativePath": "resources\\effects\\builtin-unlit.effect"
  },
  "bbee2217-c261-49bd-a8ce-708d6bcc3500": {
    "asset": 1669634725741,
    "meta": 1669945152874,
    "relativePath": "resources\\materials"
  },
  "6f801092-0c37-4f30-89ef-c8d960825b36": {
    "asset": 1669634725711,
    "meta": 1669945153032,
    "relativePath": "resources\\materials\\builtin-2d-base.mtl"
  },
  "a153945d-2511-4c14-be7b-05d242f47d57": {
    "asset": 1669634725721,
    "meta": 1669945153036,
    "relativePath": "resources\\materials\\builtin-2d-graphics.mtl"
  },
  "3a7bb79f-32fd-422e-ada2-96f518fed422": {
    "asset": 1669634725721,
    "meta": 1669945153036,
    "relativePath": "resources\\materials\\builtin-2d-gray-sprite.mtl"
  },
  "e02d87d4-e599-4d16-8001-e14891ac6506": {
    "asset": 1669634725721,
    "meta": 1669945153040,
    "relativePath": "resources\\materials\\builtin-2d-label.mtl"
  },
  "eca5d2f2-8ef6-41c2-bbe6-f9c79d09c432": {
    "asset": 1669634725731,
    "meta": 1669945153061,
    "relativePath": "resources\\materials\\builtin-2d-sprite.mtl"
  },
  "7afd064b-113f-480e-b793-8817d19f63c3": {
    "asset": 1669634725721,
    "meta": 1669945153069,
    "relativePath": "resources\\materials\\builtin-2d-spine.mtl"
  },
  "466d4f9b-e5f4-4ea8-85d5-3c6e9a65658a": {
    "asset": 1669634725731,
    "meta": 1669945153072,
    "relativePath": "resources\\materials\\builtin-3d-trail.mtl"
  },
  "432fa09c-cf03-4cff-a186-982604408a07": {
    "asset": 1669634725731,
    "meta": 1669945153072,
    "relativePath": "resources\\materials\\builtin-3d-particle.mtl"
  },
  "cf7e0bb8-a81c-44a9-ad79-d28d43991032": {
    "asset": 1669634725741,
    "meta": 1669945153077,
    "relativePath": "resources\\materials\\builtin-clear-stencil.mtl"
  },
  "2a296057-247c-4a1c-bbeb-0548b6c98650": {
    "asset": 1669634725741,
    "meta": 1669945153081,
    "relativePath": "resources\\materials\\builtin-unlit.mtl"
  },
  "954fec8b-cd16-4bb9-a3b7-7719660e7558": {
    "asset": 1669634725581,
    "meta": 1669945156178,
    "relativePath": "model\\primitives.fbx"
  },
  "6e94f4c4-ba28-4610-abe5-0b570b4ee66d": {
    "asset": 1670577696891,
    "meta": 1670643363110,
    "relativePath": "picture"
  },
  "41f17bb8-a271-41d7-962e-a99b3dc467b0": {
    "asset": 1669951581978,
    "meta": 1669951582022,
    "relativePath": "picture\\dialog background.png"
  },
  "ad878d95-023d-461a-8e1c-1628201f1d59": {
    "asset": 1670663305348,
    "meta": 1670666239425,
    "relativePath": "script"
  },
  "a664fbc9-942e-4abd-b988-befcb7308070": {
    "asset": 1670676078897,
    "meta": 1670676078917,
    "relativePath": "firstScene.fire"
  },
  "d48e9d9b-349d-4eae-b2f9-07f4613d5e44": {
    "asset": 1670669544769,
    "meta": 1670669544777,
    "relativePath": "Scene 1.1.fire"
  },
  "d0494c6d-c8f7-49c3-9361-38447aae429c": {
    "asset": 1670214752403,
    "meta": 1670344060233,
    "relativePath": "script\\TextSwitch1.js"
  },
  "fe30e84d-236d-4355-9c30-a595e0f3cb00": {
    "asset": 1670670039080,
    "meta": 1670670039087,
    "relativePath": "Scene 1.21.fire"
  },
  "3d5d050c-7603-452d-9e29-2ad7a0bc3e71": {
    "asset": 1670346751088,
    "meta": 1670346751101,
    "relativePath": "Scene 1.22.fire"
  },
  "fd85881d-4152-41ad-9cd0-10d783f314b4": {
    "asset": 1670345382850,
    "meta": 1670345382910,
    "relativePath": "picture\\BE-ddl.jpg"
  },
  "46168d09-2724-45a6-9505-8039cca6377e": {
    "asset": 1670670177254,
    "meta": 1670670177261,
    "relativePath": "Scene 2.1.fire"
  },
  "07ca0122-8c20-4cf0-88e5-275e0bffc78c": {
    "asset": 1670427477637,
    "meta": 1670427477811,
    "relativePath": "picture\\second scene.jpg"
  },
  "9386d22e-3bc4-434c-b258-fcdc1475e588": {
    "asset": 1670432771742,
    "meta": 1670432771758,
    "relativePath": "Scene 2.2.fire"
  },
  "5fccac5b-17e1-4be3-a8c3-1ace89d5eb60": {
    "asset": 1670430456080,
    "meta": 1670430462291,
    "relativePath": "script\\TextSwitch2.1.js"
  },
  "8a7f55e6-aa52-4769-9288-4ad6849f4980": {
    "asset": 1670430889584,
    "meta": 1670430889646,
    "relativePath": "picture\\search scene.jpg"
  },
  "ec0e7041-d3df-4ddb-9fa2-ace4ec327f1d": {
    "asset": 1670433210910,
    "meta": 1670433213311,
    "relativePath": "script\\Text2.2.js"
  },
  "713ba0a3-b6b0-4dbe-b8fc-fbfd1b9ce2f6": {
    "asset": 1670671966869,
    "meta": 1670671966879,
    "relativePath": "Scene 2.3.fire"
  },
  "1a2dbdac-ce30-4ee4-be9b-612ce1f45c66": {
    "asset": 1670487286744,
    "meta": 1670487286848,
    "relativePath": "picture\\phone.png"
  },
  "c1531275-16cd-4828-8ea5-c3eb976b7875": {
    "asset": 1670487286744,
    "meta": 1670487286856,
    "relativePath": "picture\\door.png"
  },
  "d15471c3-c07a-48a6-9dac-53d4e48536cf": {
    "asset": 1670487286748,
    "meta": 1670487286956,
    "relativePath": "picture\\desk.png"
  },
  "dcd901f0-75b0-4151-9eb9-cb70d1867120": {
    "asset": 1670487286748,
    "meta": 1670487286964,
    "relativePath": "picture\\laptop.png"
  },
  "0e0315f4-7756-416b-a952-59feb7be6d5e": {
    "asset": 1670487286756,
    "meta": 1670487287049,
    "relativePath": "picture\\window.png"
  },
  "078378b4-fdb6-4ee1-b5b6-37492acb8563": {
    "asset": 1670570381929,
    "meta": 1670570381939,
    "relativePath": "Scene 2.31.fire"
  },
  "70dfc448-2861-4174-beae-668118b26e75": {
    "asset": 1670566230440,
    "meta": 1670566230516,
    "relativePath": "picture\\tooldiary N.jpg"
  },
  "accb0e57-fdae-4f32-b9f4-7032e4775c6c": {
    "asset": 1670566230440,
    "meta": 1670566230524,
    "relativePath": "picture\\tooldiary O.jpg"
  },
  "fbf2bc0e-df2e-4d95-a7c1-fd455986d8de": {
    "asset": 1670566230444,
    "meta": 1670566230709,
    "relativePath": "picture\\diaryO.jpg"
  },
  "79600730-0f4b-47c4-9757-16175421675e": {
    "asset": 1670566230444,
    "meta": 1670566230737,
    "relativePath": "picture\\diaryN.jpg"
  },
  "d03f92bc-2016-4baa-86f7-3c6c3d445f15": {
    "asset": 1670566230448,
    "meta": 1670566230874,
    "relativePath": "picture\\diaryN big.jpg"
  },
  "d62fd34c-4e78-4bd7-a503-d319d467c451": {
    "asset": 1670566230448,
    "meta": 1670566230878,
    "relativePath": "picture\\diaryO big.jpg"
  },
  "1901b54e-5c56-476b-8a7e-496bc72165b1": {
    "asset": 1670569477458,
    "meta": 1670569477514,
    "relativePath": "picture\\BE-jumping.jpg"
  },
  "53256c5b-d9fb-45e3-a3f7-14fafd0e7c90": {
    "asset": 1670576836627,
    "meta": 1670577103079,
    "relativePath": "script\\globalVariable.js"
  },
  "0f6c935c-4e6d-4528-925c-1d9297dd5ad9": {
    "asset": 1670577696888,
    "meta": 1670577696979,
    "relativePath": "picture\\first scene.jpg"
  },
  "78346958-d5cb-45e3-8ad9-89928c8713ff": {
    "asset": 1670603239443,
    "meta": 1670603242090,
    "relativePath": "script\\lookDiaryO.js"
  },
  "352c4810-ebaa-4c66-86c1-a072ff9a48e3": {
    "asset": 1670603717691,
    "meta": 1670603719463,
    "relativePath": "script\\SearchScript.js"
  },
  "478cae3f-118b-4819-a39d-b7e1cc978b12": {
    "asset": 1670656755526,
    "meta": 1670657501859,
    "relativePath": "audio"
  },
  "5e0e5f84-31b4-418d-bc24-4e6388f60359": {
    "asset": 1670643636894,
    "meta": 1670643637699,
    "relativePath": "audio\\锁门1.wav"
  },
  "5f622aca-95b1-41e4-97f6-9684319ede62": {
    "asset": 1670648737256,
    "meta": 1670648742215,
    "relativePath": "script\\Choose1.js"
  },
  "b5b9dc19-33ef-4813-8ce6-74ed4b3b1c19": {
    "asset": 1670655279043,
    "meta": 1670655283503,
    "relativePath": "script\\TextSwitch1.1.js"
  },
  "0ab9c454-23bb-4dfd-a163-54830565624c": {
    "asset": 1670656755523,
    "meta": 1670656756630,
    "relativePath": "audio\\连续的键盘声.wav"
  },
  "29b2cefb-0dd4-4062-9ec0-da0c6571c7d2": {
    "asset": 1670657126533,
    "meta": 1670657133054,
    "relativePath": "script\\lookDiaryN.js"
  },
  "cc5e6df3-06c4-4459-aa4f-7d9b5ca7d44f": {
    "asset": 1670661827527,
    "meta": 1670661827540,
    "relativePath": "dizzyMaterial.mtl"
  },
  "d69eded8-8a27-48f9-b90d-34d12c7ccdda": {
    "asset": 1670658868751,
    "meta": 1670658874242,
    "relativePath": "script\\shakkingEffect.effect"
  },
  "635f2099-d277-4e0f-a364-a3534ce6c81e": {
    "asset": 1670659105396,
    "meta": 1670660714690,
    "relativePath": "effect"
  },
  "33b61630-801b-44bb-a3b5-39c19e6be00b": {
    "asset": 1670659105391,
    "meta": 1670659266392,
    "relativePath": "effect\\burn_noise.png"
  },
  "a22ddd34-c3d9-424b-8abc-b533f7177d9c": {
    "asset": 1670662961703,
    "meta": 1670662961715,
    "relativePath": "dizzy.fire"
  },
  "c627f169-0a06-4216-bd26-39946a38053f": {
    "asset": 1670659972667,
    "meta": 1670659974869,
    "relativePath": "script\\TextSwitch1.21.js"
  },
  "cd37315c-f0f0-4ed4-ba9f-0bf6c000f06e": {
    "asset": 1670662657682,
    "meta": 1670662666876,
    "relativePath": "script\\dizzySwitch.js"
  },
  "b8c8bb75-4d98-4463-a852-a1b3b1793f89": {
    "asset": 1670668798164,
    "meta": 1670668800989,
    "relativePath": "script\\showConsciousNumber.js"
  },
  "286fd029-55ee-462c-9d89-a9391d407240": {
    "asset": 1670671810124,
    "meta": 1670671822643,
    "relativePath": "script\\TextSwitch1.22.js"
  },
  "7a8f31fe-0123-441f-a35b-870fb5cf69c7": {
    "asset": 1670671927970,
    "meta": 1670671932616,
    "relativePath": "script\\TextSwitch2.31.js"
  },
  "90b70dc3-b9ef-4928-8562-3d0a0c3b6a1f": {
    "asset": 1670672880039,
    "meta": 1670672880071,
    "relativePath": "effect\\汉仪风波小木屋.ttf"
  }
}