{"version":"1.0.8","stats":{"D:/cocos/game/temp/quick-scripts/src/__qc_index__.js":"2022-12-03T06:16:42.732Z","D:/cocos/game/temp/quick-scripts/src/assets/scripts/Physize.js":"2022-12-03T06:16:42.690Z","D:/cocos/game/temp/quick-scripts/src/assets/scripts/MainController.js":"2022-12-03T06:16:42.686Z","D:/cocos/game/temp/quick-scripts/src/assets/scripts/Rigid body.js":"2022-12-03T06:16:42.680Z","D:/cocos/game/temp/quick-scripts/src/assets/scripts/CollisionCallback.js":"2022-12-03T06:16:42.682Z","D:/cocos/game/temp/quick-scripts/src/assets/scripts/Back.js":"2022-12-03T06:16:42.688Z","D:/cocos/game/temp/quick-scripts/src/assets/scripts/Collision.js":"2022-12-03T06:16:42.684Z","D:/cocos/game/temp/quick-scripts/src/assets/scripts/Box.js":"2022-12-03T06:16:42.692Z"}}
