[{"__type__":"cc.SpriteFrame","content":{"name":"default_btn_disabled","texture":"71VhFCTINJM6/Ky3oX9nBT","rect":[0,0,40,40],"offset":[0,0],"originalSize":[40,40],"capInsets":[12,12,12,12]}},{"__type__":"cc.SpriteFrame","content":{"name":"phone","texture":"24bYXa1lBDqoU/BUmgzEFe","rect":[0,0,3986,2244],"offset":[0,0],"originalSize":[3986,2244],"capInsets":[0,0,0,0]}},{"__type__":"cc.SpriteFrame","content":{"name":"text","texture":"27BLtRKj1KpogihfqtvNlE","rect":[0,0,618,166],"offset":[0,0],"originalSize":[618,166],"capInsets":[0,0,0,0]}},[{"__type__":"cc.SceneAsset","_name":"canoon","scene":{"__id__":1},"asyncLoadAssets":null},{"__type__":"cc.Scene","_name":"New Node","_children":[{"__id__":2},{"__id__":4},{"__id__":11}],"_anchorPoint":{"__type__":"cc.Vec2"},"_trs":{"__type__":"TypedArray","ctor":"Float64Array","array":[0,0,0,0,0,0,1,1,1,1]}},{"__type__":"cc.Node","_name":"Canvas","_parent":{"__id__":1},"_children":[{"__id__":3}],"_components":[{"__type__":"cc.Canvas","node":{"__id__":2},"_designResolution":{"__type__":"cc.Size","width":1918,"height":1080}},{"__type__":"cc.Widget","node":{"__id__":2},"_alignFlags":45}],"_contentSize":{"__type__":"cc.Size","width":1918,"height":1080},"_trs":{"__type__":"TypedArray","ctor":"Float64Array","array":[959,540,0,0,0,0,1,1,1,1]},"_id":"8b4VK2uZtBpYxRkriDt7ys"},{"__type__":"cc.Node","_name":"Main Camera","_parent":{"__id__":2},"_components":[{"__type__":"cc.Camera","node":{"__id__":3},"_clearFlags":7,"_depth":-1}],"_trs":{"__type__":"TypedArray","ctor":"Float64Array","array":[0,0,312.28433380031316,0,0,0,1,1,1,1]}},{"__type__":"cc.Node","_name":"phone","_parent":{"__id__":1},"_children":[{"__id__":5},{"__id__":8}],"_components":[{"__type__":"cc.Sprite","node":{"__id__":4},"_materials":[{"__uuid__":"ecpdLyjvZBwrvm+cedCcQy"}],"_spriteFrame":{"__uuid__":"47Rms+z5RKyZ5JZ9sW+KGJ"},"_sizeMode":0},{"__type__":"2d895j4FX5JMZY35Em4VIW0","node":{"__id__":4},"Mscontrol":{"__id__":7},"jump_choice_control":{"__id__":10}}],"_contentSize":{"__type__":"cc.Size","width":1918,"height":1080},"_anchorPoint":{"__type__":"cc.Vec2"},"_trs":{"__type__":"TypedArray","ctor":"Float64Array","array":[0,0,0,0,0,0,1,1,1,1]},"_id":"3edCuqTc1BCr5qjtzjKL9U"},{"__type__":"cc.Node","_name":"message","_parent":{"__id__":4},"_children":[{"__id__":6}],"_components":[{"__type__":"cc.Sprite","node":{"__id__":5},"_materials":[{"__uuid__":"ecpdLyjvZBwrvm+cedCcQy"}],"_spriteFrame":{"__uuid__":"83D2hPFhxDEpb1yVEIs7fT"}},{"__id__":7}],"_contentSize":{"__type__":"cc.Size","width":618,"height":166},"_trs":{"__type__":"TypedArray","ctor":"Float64Array","array":[961.797,112.622,0,0,0,0,1,3.062,1.293,3.217]}},{"__type__":"cc.Node","_name":"text","_parent":{"__id__":5},"_components":[{"__type__":"cc.Label","node":{"__id__":6},"_materials":[{"__uuid__":"ecpdLyjvZBwrvm+cedCcQy"}],"_useOriginalSize":false,"_lineHeight":50,"_N$file":{"__uuid__":"45yRQsU55Ld5Pa1tnioGoH"},"_isSystemFontUsed":false,"_N$overflow":1}],"_contentSize":{"__type__":"cc.Size","width":1410,"height":126},"_anchorPoint":{"__type__":"cc.Vec2"},"_trs":{"__type__":"TypedArray","ctor":"Float64Array","array":[-296.044,-74.484,0,0,0,0,1,0.425,1.056,1]}},{"__type__":"6eb379DyGdOKbKxnNuReKSY","node":{"__id__":5}},{"__type__":"cc.Node","_name":"jump_choice","_parent":{"__id__":4},"_children":[{"__id__":9}],"_active":false,"_components":[{"__type__":"cc.Button","node":{"__id__":8},"clickEvents":[{"__type__":"cc.ClickEvent","target":{"__id__":8},"_componentId":"cfe5fwqYc1Coq7CQ+edfq0u","handler":"test"}],"_N$transition":2,"transition":2,"_N$normalColor":{"__type__":"cc.Color","r":230,"g":230,"b":230},"_N$pressedColor":{"__type__":"cc.Color","r":200,"g":200,"b":200},"pressedColor":{"__type__":"cc.Color","r":200,"g":200,"b":200},"_N$disabledColor":{"__type__":"cc.Color","r":120,"g":120,"b":120,"a":200},"_N$normalSprite":{"__uuid__":"f0BIwQ8D5Ml7nTNQbh1YlS"},"_N$pressedSprite":{"__uuid__":"e97GVMl6JHh5Ml5qEDdSGa"},"pressedSprite":{"__uuid__":"e97GVMl6JHh5Ml5qEDdSGa"},"_N$hoverSprite":{"__uuid__":"f0BIwQ8D5Ml7nTNQbh1YlS"},"hoverSprite":{"__uuid__":"f0BIwQ8D5Ml7nTNQbh1YlS"},"_N$disabledSprite":{"__uuid__":"29FYIk+N1GYaeWH/q1NxQO"},"_N$target":{"__id__":9}},{"__id__":10}],"_opacity":0,"_contentSize":{"__type__":"cc.Size","width":1918,"height":1080},"_anchorPoint":{"__type__":"cc.Vec2"},"_trs":{"__type__":"TypedArray","ctor":"Float64Array","array":[0,0,0,0,0,0,1,1,1,1]}},{"__type__":"cc.Node","_name":"Background","_objFlags":512,"_parent":{"__id__":8},"_components":[{"__type__":"cc.Sprite","node":{"__id__":9},"_materials":[{"__uuid__":"ecpdLyjvZBwrvm+cedCcQy"}],"_spriteFrame":{"__uuid__":"f0BIwQ8D5Ml7nTNQbh1YlS"},"_type":1,"_sizeMode":0},{"__type__":"cc.Widget","node":{"__id__":9},"alignMode":0,"_alignFlags":45,"_originalWidth":100,"_originalHeight":40}],"_contentSize":{"__type__":"cc.Size","width":1918,"height":1080},"_trs":{"__type__":"TypedArray","ctor":"Float64Array","array":[959,540,0,0,0,0,1,1,1,1]}},{"__type__":"cfe5fwqYc1Coq7CQ+edfq0u","node":{"__id__":8}},{"__type__":"cc.Node","_name":"music","_parent":{"__id__":1},"_components":[{"__type__":"cc.AudioSource","node":{"__id__":11},"_clip":{"__uuid__":"b2Fh/jdg1IUagQiKiNfgZY"},"_loop":true,"playOnLoad":true}],"_trs":{"__type__":"TypedArray","ctor":"Float64Array","array":[0,0,0,0,0,0,1,1,1,1]},"_id":"2dXIhcvmJKrKyLIaFrYe5Z"}],{"__type__":"cc.AudioClip","_name":"卡农_开端(1)","_native":".mp3","duration":24.032653},{"__type__":"cc.SpriteFrame","content":{"name":"default_btn_pressed","texture":"b4P/PCArtIdIH38t6mlw8Y","rect":[0,0,40,40],"offset":[0,0],"originalSize":[40,40],"capInsets":[12,12,12,12]}},{"__type__":"cc.SpriteFrame","content":{"name":"default_btn_normal","texture":"e8Ueib+qJEhL6mXAHdnwbi","rect":[0,0,40,40],"offset":[0,0],"originalSize":[40,40],"capInsets":[12,12,12,12]}}]