[[{"__type__":"cc.SceneAsset","_name":"Scene 2.31","scene":{"__id__":1},"asyncLoadAssets":null},{"__type__":"cc.Scene","_name":"New Node","_children":[{"__id__":2}],"_anchorPoint":{"__type__":"cc.Vec2"},"_trs":{"__type__":"TypedArray","ctor":"Float64Array","array":[0,0,0,0,0,0,1,1,1,1]}},{"__type__":"cc.Node","_name":"Canvas","_parent":{"__id__":1},"_children":[{"__id__":3},{"__id__":4},{"__id__":8}],"_components":[{"__type__":"cc.Canvas","node":{"__id__":2}},{"__type__":"cc.Widget","node":{"__id__":2},"_alignFlags":45}],"_contentSize":{"__type__":"cc.Size","width":960,"height":640},"_trs":{"__type__":"TypedArray","ctor":"Float64Array","array":[480,320,0,0,0,0,1,1,1,1]},"_id":"a5esZu+45LA5mBpvttspPD"},{"__type__":"cc.Node","_name":"jum","_parent":{"__id__":2},"_components":[{"__type__":"cc.Sprite","node":{"__id__":3},"_materials":[{"__uuid__":"ecpdLyjvZBwrvm+cedCcQy"}],"_spriteFrame":{"__uuid__":"77n6Cp1ixIQpzQvx+CxYH3"},"_sizeMode":0}],"_contentSize":{"__type__":"cc.Size","width":960,"height":640},"_trs":{"__type__":"TypedArray","ctor":"Float64Array","array":[0,0,0,0,0,0,1,1,1,1]}},{"__type__":"cc.Node","_name":"BE-jumping","_parent":{"__id__":2},"_children":[{"__id__":5}],"_components":[{"__type__":"cc.Sprite","node":{"__id__":4},"_materials":[{"__uuid__":"ecpdLyjvZBwrvm+cedCcQy"}],"_sizeMode":0}],"_contentSize":{"__type__":"cc.Size","width":960,"height":640},"_trs":{"__type__":"TypedArray","ctor":"Float64Array","array":[0,0,0,0,0,0,1,1,1,1]}},{"__type__":"cc.Node","_name":"dialogNode","_parent":{"__id__":4},"_children":[{"__id__":6}],"_components":[{"__type__":"cc.Sprite","node":{"__id__":5},"_materials":[{"__uuid__":"ecpdLyjvZBwrvm+cedCcQy"}],"_spriteFrame":{"__uuid__":"e3YsGT22NEl7p5xTrz1E3h"}},{"__type__":"7a8f3H+ASNEH6Nbhw+1z2nH","node":{"__id__":5},"textLabel":{"__id__":7}}],"_contentSize":{"__type__":"cc.Size","width":616,"height":163},"_anchorPoint":{"__type__":"cc.Vec2","x":0.5},"_trs":{"__type__":"TypedArray","ctor":"Float64Array","array":[0,-320,0,0,0,0,1,1.6,1,1]}},{"__type__":"cc.Node","_name":"TextLabel","_parent":{"__id__":5},"_components":[{"__id__":7}],"_contentSize":{"__type__":"cc.Size","width":920,"height":50.4},"_anchorPoint":{"__type__":"cc.Vec2","y":1},"_trs":{"__type__":"TypedArray","ctor":"Float64Array","array":[-290,150,0,0,0,0,1,0.625,1,1]}},{"__type__":"cc.Label","node":{"__id__":6},"_materials":[{"__uuid__":"ecpdLyjvZBwrvm+cedCcQy"}],"_useOriginalSize":false,"_string":"达成结局：信仰之跃","_N$string":"达成结局：信仰之跃","_fontSize":35,"_N$file":{"__uuid__":"c196Wji6FAtYU4qixAq9Rd"},"_isSystemFontUsed":false,"_N$verticalAlign":1,"_N$fontFamily":"宋体","_N$overflow":3},{"__type__":"cc.Node","_name":"Main Camera","_parent":{"__id__":2},"_components":[{"__type__":"cc.Camera","node":{"__id__":8},"_clearFlags":7,"_depth":-1}],"_contentSize":{"__type__":"cc.Size","width":960,"height":640},"_trs":{"__type__":"TypedArray","ctor":"Float64Array","array":[0,0,431.85801897317197,0,0,0,1,1,1,1]}}],{"__type__":"cc.SpriteFrame","content":{"name":"91BBD690EAA55F2AAD8AD521E91E8714","texture":"633N1igVZDcZili1ziB3sy","rect":[0,0,2388,1668],"offset":[0,0],"originalSize":[2388,1668],"capInsets":[0,0,0,0]}},{"__type__":"cc.SpriteFrame","content":{"name":"dialog background","texture":"418Xu4onFB15YuqZs9xGew","rect":[1,1,616,163],"offset":[0,0],"originalSize":[618,165],"capInsets":[0,0,0,0]}}]