[{"__type__":"cc.SpriteFrame","content":{"name":"default_btn_disabled","texture":"71VhFCTINJM6/Ky3oX9nBT","rect":[0,0,40,40],"offset":[0,0],"originalSize":[40,40],"capInsets":[12,12,12,12]}},{"__type__":"cc.SpriteFrame","content":{"name":"zoulang ","texture":"59HlyJNLxPRbmAQyTU/2WK","rect":[0,0,1918,1080],"offset":[0,0],"originalSize":[1918,1080],"capInsets":[0,0,0,0]}},{"__type__":"cc.SpriteFrame","content":{"name":"text","texture":"27BLtRKj1KpogihfqtvNlE","rect":[0,0,618,166],"offset":[0,0],"originalSize":[618,166],"capInsets":[0,0,0,0]}},{"__type__":"cc.SpriteFrame","content":{"name":"dairy","texture":"2c3UrwXTVCd6AaO/CgYgXp","rect":[65,107,142,178],"offset":[13,-2],"originalSize":[246,388],"capInsets":[0,0,0,0]}},{"__type__":"cc.SpriteFrame","content":{"name":"default_btn_pressed","texture":"b4P/PCArtIdIH38t6mlw8Y","rect":[0,0,40,40],"offset":[0,0],"originalSize":[40,40],"capInsets":[12,12,12,12]}},{"__type__":"cc.SpriteFrame","content":{"name":"default_btn_normal","texture":"e8Ueib+qJEhL6mXAHdnwbi","rect":[0,0,40,40],"offset":[0,0],"originalSize":[40,40],"capInsets":[12,12,12,12]}},[{"__type__":"cc.SceneAsset","_name":"scen1","scene":{"__id__":1},"asyncLoadAssets":null},{"__type__":"cc.Scene","_name":"New Node","_children":[{"__id__":2},{"__id__":4},{"__id__":11}],"_anchorPoint":{"__type__":"cc.Vec2"},"_trs":{"__type__":"TypedArray","ctor":"Float64Array","array":[0,0,0,0,0,0,1,1,1,1]}},{"__type__":"cc.Node","_name":"Canvas","_parent":{"__id__":1},"_children":[{"__id__":3}],"_components":[{"__type__":"cc.Canvas","node":{"__id__":2},"_designResolution":{"__type__":"cc.Size","width":1918,"height":1080},"_fitWidth":true},{"__type__":"cc.Widget","node":{"__id__":2},"_alignFlags":45,"_left":8.630999999999972,"_right":8.6310000000002,"_top":4.859999999999786,"_bottom":4.860000000000014}],"_contentSize":{"__type__":"cc.Size","width":1918,"height":1080},"_trs":{"__type__":"TypedArray","ctor":"Float64Array","array":[959,540,0,0,0,0,1,0.991,0.991,0.991]},"_id":"22yJoB6t9KyLfCZF6c5NbJ"},{"__type__":"cc.Node","_name":"Main Camera","_parent":{"__id__":2},"_components":[{"__type__":"cc.Camera","node":{"__id__":3},"_clearFlags":7,"_depth":-1}],"_trs":{"__type__":"TypedArray","ctor":"Float64Array","array":[0,0,312.28433380031316,0,0,0,1,1,1,1]}},{"__type__":"cc.Node","_name":"zoulang ","_parent":{"__id__":1},"_children":[{"__id__":5},{"__id__":8}],"_components":[{"__type__":"cc.Sprite","node":{"__id__":4},"_materials":[{"__uuid__":"ecpdLyjvZBwrvm+cedCcQy"}],"_spriteFrame":{"__uuid__":"3cbNT4espFFbDDZfQSBrIN"}},{"__type__":"76d1azambpFO7SohHcPajrw","node":{"__id__":4},"Mscontrol":{"__id__":7},"jump_button_control":{"__id__":10}}],"_contentSize":{"__type__":"cc.Size","width":1918,"height":1080},"_trs":{"__type__":"TypedArray","ctor":"Float64Array","array":[958.152,544.467,0,0,0,0,1,1,1,1]},"_id":"48cHBhttNKQ6ByuQ7RdeZA"},{"__type__":"cc.Node","_name":"message","_parent":{"__id__":4},"_children":[{"__id__":6}],"_active":false,"_components":[{"__type__":"cc.Sprite","node":{"__id__":5},"_materials":[{"__uuid__":"ecpdLyjvZBwrvm+cedCcQy"}],"_spriteFrame":{"__uuid__":"83D2hPFhxDEpb1yVEIs7fT"}},{"__id__":7}],"_contentSize":{"__type__":"cc.Size","width":618,"height":166},"_trs":{"__type__":"TypedArray","ctor":"Float64Array","array":[-0.00001,-438.757,0,0,0,0,1,3.10699,1.249,3.10699]}},{"__type__":"cc.Node","_name":"text","_parent":{"__id__":5},"_components":[{"__type__":"cc.Label","node":{"__id__":6},"_materials":[{"__uuid__":"ecpdLyjvZBwrvm+cedCcQy"}],"_useOriginalSize":false,"_fontSize":50,"_lineHeight":50,"_N$file":{"__uuid__":"45yRQsU55Ld5Pa1tnioGoH"},"_isSystemFontUsed":false,"_N$overflow":1}],"_contentSize":{"__type__":"cc.Size","width":1410,"height":126},"_anchorPoint":{"__type__":"cc.Vec2","x":2.1141960757704306,"y":1.796081795917019},"_trs":{"__type__":"TypedArray","ctor":"Float64Array","array":[973,167,0,0,0,0,1,0.427,1.056,1]}},{"__type__":"6eb379DyGdOKbKxnNuReKSY","node":{"__id__":5}},{"__type__":"cc.Node","_name":"jump_button","_parent":{"__id__":4},"_children":[{"__id__":9}],"_active":false,"_components":[{"__type__":"cc.Button","node":{"__id__":8},"clickEvents":[{"__type__":"cc.ClickEvent","target":{"__id__":8},"_componentId":"e14c8eyq0FMcYGOAGVlV8z4","handler":"test"}],"_N$transition":2,"transition":2,"_N$normalColor":{"__type__":"cc.Color","r":230,"g":230,"b":230},"_N$pressedColor":{"__type__":"cc.Color","r":200,"g":200,"b":200},"pressedColor":{"__type__":"cc.Color","r":200,"g":200,"b":200},"_N$disabledColor":{"__type__":"cc.Color","r":120,"g":120,"b":120,"a":200},"_N$normalSprite":{"__uuid__":"f0BIwQ8D5Ml7nTNQbh1YlS"},"_N$pressedSprite":{"__uuid__":"e97GVMl6JHh5Ml5qEDdSGa"},"pressedSprite":{"__uuid__":"e97GVMl6JHh5Ml5qEDdSGa"},"_N$hoverSprite":{"__uuid__":"f0BIwQ8D5Ml7nTNQbh1YlS"},"hoverSprite":{"__uuid__":"f0BIwQ8D5Ml7nTNQbh1YlS"},"_N$disabledSprite":{"__uuid__":"29FYIk+N1GYaeWH/q1NxQO"},"_N$target":{"__id__":9}},{"__id__":10}],"_opacity":0,"_contentSize":{"__type__":"cc.Size","width":1918,"height":1090},"_anchorPoint":{"__type__":"cc.Vec2"},"_trs":{"__type__":"TypedArray","ctor":"Float64Array","array":[-953.316,-548.233,0,0,0,0,1,1,1,1]}},{"__type__":"cc.Node","_name":"Background","_objFlags":512,"_parent":{"__id__":8},"_components":[{"__type__":"cc.Sprite","node":{"__id__":9},"_materials":[{"__uuid__":"ecpdLyjvZBwrvm+cedCcQy"}],"_spriteFrame":{"__uuid__":"f0BIwQ8D5Ml7nTNQbh1YlS"},"_type":1,"_sizeMode":0},{"__type__":"cc.Widget","node":{"__id__":9},"alignMode":0,"_alignFlags":45,"_originalWidth":100,"_originalHeight":40}],"_contentSize":{"__type__":"cc.Size","width":1918,"height":1090},"_trs":{"__type__":"TypedArray","ctor":"Float64Array","array":[959,545,0,0,0,0,1,1,1,1]}},{"__type__":"e14c8eyq0FMcYGOAGVlV8z4","node":{"__id__":8}},{"__type__":"cc.Node","_name":"dairy","_parent":{"__id__":1},"_components":[{"__type__":"cc.Sprite","node":{"__id__":11},"_materials":[{"__uuid__":"ecpdLyjvZBwrvm+cedCcQy"}],"_spriteFrame":{"__uuid__":"b98pjTIlxPO4/rQWpBGv+l"}}],"_contentSize":{"__type__":"cc.Size","width":142,"height":178},"_trs":{"__type__":"TypedArray","ctor":"Float64Array","array":[1223.517,491.812,0,0,0,0,1,0.455,0.649,1]},"_id":"53eioJJm9HL70gcVbc4sEQ"}]]