[{"__type__":"cc.SpriteFrame","content":{"name":"zoulang ","texture":"59HlyJNLxPRbmAQyTU/2WK","rect":[0,0,1918,1080],"offset":[0,0],"originalSize":[1918,1080],"capInsets":[0,0,0,0]}},{"__type__":"cc.SpriteFrame","content":{"name":"door","texture":"3dobAM6/dNM5S+KCfNwg/G","rect":[61,44,357,922],"offset":[-3.5,-22],"originalSize":[486,966],"capInsets":[0,0,0,0]}},{"__type__":"cc.SpriteFrame","content":{"name":"door1","texture":"1ehDPDlvNAoonpH5jeCg1W","rect":[80,64,71,411],"offset":[-16.5,-8],"originalSize":[264,523],"capInsets":[0,0,0,0]}},{"__type__":"cc.SpriteFrame","content":{"name":"box","texture":"0aerNxJhxHW56C6oB5Qwz6","rect":[26,65,177,248],"offset":[-24,-7.5],"originalSize":[277,363],"capInsets":[0,0,0,0]}},{"__type__":"cc.SpriteFrame","content":{"name":"dairy","texture":"2c3UrwXTVCd6AaO/CgYgXp","rect":[65,107,142,178],"offset":[13,-2],"originalSize":[246,388],"capInsets":[0,0,0,0]}},[{"__type__":"cc.SceneAsset","_name":"button","scene":{"__id__":1},"asyncLoadAssets":null},{"__type__":"cc.Scene","_name":"New Node","_children":[{"__id__":2},{"__id__":4},{"__id__":5},{"__id__":7},{"__id__":9},{"__id__":11},{"__id__":13},{"__id__":15}],"_anchorPoint":{"__type__":"cc.Vec2"},"_trs":{"__type__":"TypedArray","ctor":"Float64Array","array":[0,0,0,0,0,0,1,1,1,1]}},{"__type__":"cc.Node","_name":"Canvas","_parent":{"__id__":1},"_children":[{"__id__":3}],"_components":[{"__type__":"cc.Canvas","node":{"__id__":2},"_designResolution":{"__type__":"cc.Size","width":1918,"height":1080}},{"__type__":"cc.Widget","node":{"__id__":2},"_alignFlags":45}],"_contentSize":{"__type__":"cc.Size","width":1918,"height":1080},"_trs":{"__type__":"TypedArray","ctor":"Float64Array","array":[959,540,0,0,0,0,1,1,1,1]},"_id":"59L2fan5ZPnrDfc7psm4jZ"},{"__type__":"cc.Node","_name":"Main Camera","_parent":{"__id__":2},"_components":[{"__type__":"cc.Camera","node":{"__id__":3},"_clearFlags":7,"_depth":-1}],"_trs":{"__type__":"TypedArray","ctor":"Float64Array","array":[0,0,342.3326428569557,0,0,0,1,1,1,1]}},{"__type__":"cc.Node","_name":"zoulang ","_parent":{"__id__":1},"_components":[{"__type__":"cc.Sprite","node":{"__id__":4},"_materials":[{"__uuid__":"ecpdLyjvZBwrvm+cedCcQy"}],"_spriteFrame":{"__uuid__":"3cbNT4espFFbDDZfQSBrIN"}}],"_contentSize":{"__type__":"cc.Size","width":1918,"height":1080},"_anchorPoint":{"__type__":"cc.Vec2","x":0.44677945776850886,"y":0.18031574074074075},"_trs":{"__type__":"TypedArray","ctor":"Float64Array","array":[856,200.287,0,0,0,0,1,1,1,1]},"_id":"18yWA5yPJNNrHnpMk/R267"},{"__type__":"cc.Node","_name":"door1","_parent":{"__id__":1},"_children":[{"__id__":6}],"_components":[{"__type__":"cc.Button","node":{"__id__":5},"clickEvents":[{"__type__":"cc.ClickEvent","target":{"__id__":5},"_componentId":"c116egLl91KtZtoVnB3K0dj","handler":"test"}],"_N$transition":2,"transition":2,"_N$normalColor":{"__type__":"cc.Color","r":230,"g":230,"b":230},"_N$pressedColor":{"__type__":"cc.Color","r":200,"g":200,"b":200},"pressedColor":{"__type__":"cc.Color","r":200,"g":200,"b":200},"_N$disabledColor":{"__type__":"cc.Color","r":120,"g":120,"b":120,"a":200},"_N$normalSprite":{"__uuid__":"9cP2+LLD9D5I+H95PVM985"},"_N$pressedSprite":{"__uuid__":"9cP2+LLD9D5I+H95PVM985"},"pressedSprite":{"__uuid__":"9cP2+LLD9D5I+H95PVM985"},"_N$hoverSprite":{"__uuid__":"9cP2+LLD9D5I+H95PVM985"},"hoverSprite":{"__uuid__":"9cP2+LLD9D5I+H95PVM985"},"_N$disabledSprite":{"__uuid__":"9cP2+LLD9D5I+H95PVM985"},"_N$target":{"__id__":6}},{"__type__":"c116egLl91KtZtoVnB3K0dj","node":{"__id__":5}}],"_opacity":0,"_contentSize":{"__type__":"cc.Size","width":37,"height":64},"_anchorPoint":{"__type__":"cc.Vec2","x":-2.7307935941665336,"y":-1.1896039111875385},"_trs":{"__type__":"TypedArray","ctor":"Float64Array","array":[479,-300,0,0,0,0.00958171097254512,0.9999540943537552,2.273,6.815,2.273]},"_eulerAngles":{"__type__":"cc.Vec3","z":1.0979999999999983},"_id":"a1XSToDNtFzbyx968aueMV"},{"__type__":"cc.Node","_name":"Background","_objFlags":512,"_parent":{"__id__":5},"_components":[{"__type__":"cc.Sprite","node":{"__id__":6},"_materials":[{"__uuid__":"ecpdLyjvZBwrvm+cedCcQy"}],"_spriteFrame":{"__uuid__":"9cP2+LLD9D5I+H95PVM985"},"_type":1,"_sizeMode":0},{"__type__":"cc.Widget","node":{"__id__":6},"alignMode":0,"_alignFlags":45,"_originalWidth":100,"_originalHeight":40}],"_contentSize":{"__type__":"cc.Size","width":37.000000000000014,"height":64.00000000000001},"_trs":{"__type__":"TypedArray","ctor":"Float64Array","array":[119.53936298416176,108.13465031600248,0,0,0,0,1,1,1,1]}},{"__type__":"cc.Node","_name":"door2","_parent":{"__id__":1},"_children":[{"__id__":8}],"_components":[{"__type__":"cc.Button","node":{"__id__":7},"clickEvents":[{"__type__":"cc.ClickEvent","target":{"__id__":7},"_componentId":"c116egLl91KtZtoVnB3K0dj","handler":"test"}],"_N$transition":2,"transition":2,"_N$normalColor":{"__type__":"cc.Color","r":230,"g":230,"b":230},"_N$pressedColor":{"__type__":"cc.Color","r":200,"g":200,"b":200},"pressedColor":{"__type__":"cc.Color","r":200,"g":200,"b":200},"_N$disabledColor":{"__type__":"cc.Color","r":120,"g":120,"b":120,"a":200},"_N$normalSprite":{"__uuid__":"ebWgXuumxHa7RhOjAANK2H"},"_N$pressedSprite":{"__uuid__":"ebWgXuumxHa7RhOjAANK2H"},"pressedSprite":{"__uuid__":"ebWgXuumxHa7RhOjAANK2H"},"_N$hoverSprite":{"__uuid__":"ebWgXuumxHa7RhOjAANK2H"},"hoverSprite":{"__uuid__":"ebWgXuumxHa7RhOjAANK2H"},"_N$disabledSprite":{"__uuid__":"ebWgXuumxHa7RhOjAANK2H"},"_N$target":{"__id__":8}},{"__type__":"c116egLl91KtZtoVnB3K0dj","node":{"__id__":7}}],"_opacity":0,"_contentSize":{"__type__":"cc.Size","width":37,"height":64},"_anchorPoint":{"__type__":"cc.Vec2","x":-2.7307935941665336,"y":-1.1896039111875385},"_trs":{"__type__":"TypedArray","ctor":"Float64Array","array":[932.101,-178.449,0,0,0,0.00958171097254512,0.9999540943537552,1.785,5.753,1.95]},"_eulerAngles":{"__type__":"cc.Vec3","z":1.0979999999999983},"_id":"2b0L4xsPFAuanCcZDtV7hS"},{"__type__":"cc.Node","_name":"Background","_objFlags":512,"_parent":{"__id__":7},"_components":[{"__type__":"cc.Sprite","node":{"__id__":8},"_materials":[{"__uuid__":"ecpdLyjvZBwrvm+cedCcQy"}],"_spriteFrame":{"__uuid__":"ebWgXuumxHa7RhOjAANK2H"},"_type":1,"_sizeMode":0},{"__type__":"cc.Widget","node":{"__id__":8},"alignMode":0,"_alignFlags":45,"_originalWidth":100,"_originalHeight":40}],"_contentSize":{"__type__":"cc.Size","width":37.000000000000014,"height":64.00000000000001},"_trs":{"__type__":"TypedArray","ctor":"Float64Array","array":[119.53936298416176,108.13465031600248,0,0,0,0,1,1,1,1]}},{"__type__":"cc.Node","_name":"box","_parent":{"__id__":1},"_children":[{"__id__":10}],"_components":[{"__type__":"cc.Button","node":{"__id__":9},"clickEvents":[{"__type__":"cc.ClickEvent","target":{"__id__":9},"_componentId":"219d4/fL0lBAqZH8xbr/cVu","handler":"test"}],"_N$transition":2,"transition":2,"_N$normalColor":{"__type__":"cc.Color","r":230,"g":230,"b":230},"_N$pressedColor":{"__type__":"cc.Color","r":200,"g":200,"b":200},"pressedColor":{"__type__":"cc.Color","r":200,"g":200,"b":200},"_N$disabledColor":{"__type__":"cc.Color","r":120,"g":120,"b":120,"a":200},"_N$normalSprite":{"__uuid__":"a5FJmQqd1D2qjbnIIQ3WQe"},"_N$pressedSprite":{"__uuid__":"a5FJmQqd1D2qjbnIIQ3WQe"},"pressedSprite":{"__uuid__":"a5FJmQqd1D2qjbnIIQ3WQe"},"_N$hoverSprite":{"__uuid__":"a5FJmQqd1D2qjbnIIQ3WQe"},"hoverSprite":{"__uuid__":"a5FJmQqd1D2qjbnIIQ3WQe"},"_N$disabledSprite":{"__uuid__":"a5FJmQqd1D2qjbnIIQ3WQe"},"_N$target":{"__id__":10}},{"__type__":"219d4/fL0lBAqZH8xbr/cVu","node":{"__id__":9}}],"_opacity":0,"_contentSize":{"__type__":"cc.Size","width":100,"height":40},"_trs":{"__type__":"TypedArray","ctor":"Float64Array","array":[120.036,513.913,0,0,0,0.00958171097254512,0.9999540943537552,1.971,6.352,2.09]},"_eulerAngles":{"__type__":"cc.Vec3","z":1.0979999999999983},"_id":"34l4FY7s5CeqipinTy/Zfs"},{"__type__":"cc.Node","_name":"Background","_objFlags":512,"_parent":{"__id__":9},"_components":[{"__type__":"cc.Sprite","node":{"__id__":10},"_materials":[{"__uuid__":"ecpdLyjvZBwrvm+cedCcQy"}],"_spriteFrame":{"__uuid__":"a5FJmQqd1D2qjbnIIQ3WQe"},"_type":1,"_sizeMode":0},{"__type__":"cc.Widget","node":{"__id__":10},"alignMode":0,"_alignFlags":45,"_originalWidth":100,"_originalHeight":40}],"_contentSize":{"__type__":"cc.Size","width":100,"height":40},"_trs":{"__type__":"TypedArray","ctor":"Float64Array","array":[0,0,0,0,0,0,1,1,1,1]}},{"__type__":"cc.Node","_name":"door","_parent":{"__id__":1},"_children":[{"__id__":12}],"_components":[{"__type__":"cc.Button","node":{"__id__":11},"clickEvents":[{"__type__":"cc.ClickEvent","target":{"__id__":11},"_componentId":"18b5aMMirZCTZCzg89fiAAo","handler":"test"}],"_N$transition":2,"transition":2,"_N$normalColor":{"__type__":"cc.Color","r":230,"g":230,"b":230},"_N$pressedColor":{"__type__":"cc.Color","r":200,"g":200,"b":200},"pressedColor":{"__type__":"cc.Color","r":200,"g":200,"b":200},"_N$disabledColor":{"__type__":"cc.Color","r":120,"g":120,"b":120,"a":200},"_N$normalSprite":{"__uuid__":"695uXFbA1GiLYMLHf5Jr4R"},"_N$pressedSprite":{"__uuid__":"695uXFbA1GiLYMLHf5Jr4R"},"pressedSprite":{"__uuid__":"695uXFbA1GiLYMLHf5Jr4R"},"_N$hoverSprite":{"__uuid__":"695uXFbA1GiLYMLHf5Jr4R"},"hoverSprite":{"__uuid__":"695uXFbA1GiLYMLHf5Jr4R"},"_N$disabledSprite":{"__uuid__":"695uXFbA1GiLYMLHf5Jr4R"},"_N$target":{"__id__":12}},{"__type__":"18b5aMMirZCTZCzg89fiAAo","node":{"__id__":11}}],"_opacity":0,"_contentSize":{"__type__":"cc.Size","width":100,"height":40},"_trs":{"__type__":"TypedArray","ctor":"Float64Array","array":[453.498,468.741,0,0,0,0,1,3.622,22.866,9.453]},"_id":"5eVMaHO7ZCha+GmLmqL744"},{"__type__":"cc.Node","_name":"Background","_objFlags":512,"_parent":{"__id__":11},"_components":[{"__type__":"cc.Sprite","node":{"__id__":12},"_materials":[{"__uuid__":"ecpdLyjvZBwrvm+cedCcQy"}],"_spriteFrame":{"__uuid__":"695uXFbA1GiLYMLHf5Jr4R"},"_type":1,"_sizeMode":0},{"__type__":"cc.Widget","node":{"__id__":12},"alignMode":0,"_alignFlags":45,"_originalWidth":100,"_originalHeight":40}],"_contentSize":{"__type__":"cc.Size","width":100,"height":40},"_trs":{"__type__":"TypedArray","ctor":"Float64Array","array":[0,0,0,0,0,0,1,1,1,1]}},{"__type__":"cc.Node","_name":"elevator","_parent":{"__id__":1},"_children":[{"__id__":14}],"_components":[{"__type__":"cc.Button","node":{"__id__":13},"clickEvents":[{"__type__":"cc.ClickEvent","target":{"__id__":13},"_componentId":"5386b5I+QlIN5HmhS3Y+Xvr","handler":"test"}],"_N$transition":2,"transition":2,"_N$normalColor":{"__type__":"cc.Color","r":230,"g":230,"b":230},"_N$pressedColor":{"__type__":"cc.Color","r":200,"g":200,"b":200},"pressedColor":{"__type__":"cc.Color","r":200,"g":200,"b":200},"_N$disabledColor":{"__type__":"cc.Color","r":120,"g":120,"b":120,"a":200},"_N$normalSprite":{"__uuid__":"e61MzqJkRFWZaGSQ3nFddy"},"_N$pressedSprite":{"__uuid__":"e61MzqJkRFWZaGSQ3nFddy"},"pressedSprite":{"__uuid__":"e61MzqJkRFWZaGSQ3nFddy"},"_N$hoverSprite":{"__uuid__":"e61MzqJkRFWZaGSQ3nFddy"},"hoverSprite":{"__uuid__":"e61MzqJkRFWZaGSQ3nFddy"},"_N$disabledSprite":{"__uuid__":"e61MzqJkRFWZaGSQ3nFddy"},"_N$target":{"__id__":14}},{"__type__":"5386b5I+QlIN5HmhS3Y+Xvr","node":{"__id__":13}}],"_opacity":0,"_contentSize":{"__type__":"cc.Size","width":100,"height":40},"_trs":{"__type__":"TypedArray","ctor":"Float64Array","array":[947.216,489.939,0,0,0,0,1,1.053,4.13,1.822]},"_id":"3fG5tOkm1AkYWO8UQwd7UM"},{"__type__":"cc.Node","_name":"Background","_objFlags":512,"_parent":{"__id__":13},"_components":[{"__type__":"cc.Sprite","node":{"__id__":14},"_materials":[{"__uuid__":"ecpdLyjvZBwrvm+cedCcQy"}],"_spriteFrame":{"__uuid__":"e61MzqJkRFWZaGSQ3nFddy"},"_type":1,"_sizeMode":0},{"__type__":"cc.Widget","node":{"__id__":14},"alignMode":0,"_alignFlags":45,"_originalWidth":100,"_originalHeight":40}],"_contentSize":{"__type__":"cc.Size","width":100,"height":40},"_trs":{"__type__":"TypedArray","ctor":"Float64Array","array":[0,0,0,0,0,0,1,1,1,1]}},{"__type__":"cc.Node","_name":"dairy","_parent":{"__id__":1},"_children":[{"__id__":16}],"_components":[{"__type__":"cc.Button","node":{"__id__":15},"clickEvents":[{"__type__":"cc.ClickEvent","target":{"__id__":15},"_componentId":"2290asxEGFOIZ0KGj/wN2+S","handler":"totext"}],"_N$transition":2,"transition":2,"_N$normalColor":{"__type__":"cc.Color","r":230,"g":230,"b":230},"_N$pressedColor":{"__type__":"cc.Color","r":200,"g":200,"b":200},"pressedColor":{"__type__":"cc.Color","r":200,"g":200,"b":200},"_N$disabledColor":{"__type__":"cc.Color","r":120,"g":120,"b":120,"a":200},"_N$normalSprite":{"__uuid__":"b98pjTIlxPO4/rQWpBGv+l"},"_N$pressedSprite":{"__uuid__":"b98pjTIlxPO4/rQWpBGv+l"},"pressedSprite":{"__uuid__":"b98pjTIlxPO4/rQWpBGv+l"},"_N$hoverSprite":{"__uuid__":"b98pjTIlxPO4/rQWpBGv+l"},"hoverSprite":{"__uuid__":"b98pjTIlxPO4/rQWpBGv+l"},"_N$disabledSprite":{"__uuid__":"b98pjTIlxPO4/rQWpBGv+l"},"_N$target":{"__id__":16}},{"__type__":"2290asxEGFOIZ0KGj/wN2+S","node":{"__id__":15}}],"_contentSize":{"__type__":"cc.Size","width":100,"height":40},"_trs":{"__type__":"TypedArray","ctor":"Float64Array","array":[1227.043,482.128,0,0,0,0,1,0.583,2.508,1.045]},"_id":"46xGUI2HxDrbd0/hl3fkWP"},{"__type__":"cc.Node","_name":"Background","_objFlags":512,"_parent":{"__id__":15},"_components":[{"__type__":"cc.Sprite","node":{"__id__":16},"_materials":[{"__uuid__":"ecpdLyjvZBwrvm+cedCcQy"}],"_spriteFrame":{"__uuid__":"b98pjTIlxPO4/rQWpBGv+l"},"_type":1,"_sizeMode":0},{"__type__":"cc.Widget","node":{"__id__":16},"alignMode":0,"_alignFlags":45,"_originalWidth":100,"_originalHeight":40}],"_contentSize":{"__type__":"cc.Size","width":100,"height":40},"_trs":{"__type__":"TypedArray","ctor":"Float64Array","array":[0,0,0,0,0,0,1,1,1,1]}}],{"__type__":"cc.SpriteFrame","content":{"name":"elevator","texture":"47NwkimRNKeK8+iuaATU1/","rect":[49,65,101,160],"offset":[-6.5,-7],"originalSize":[212,276],"capInsets":[0,0,0,0]}},{"__type__":"cc.SpriteFrame","content":{"name":"door2","texture":"efa9XiPtJIJZT26qdAuO8p","rect":[47,86,55,374],"offset":[0,-5],"originalSize":[149,536],"capInsets":[0,0,0,0]}}]