[[{"__type__":"cc.SceneAsset","_name":"lingjian","scene":{"__id__":1},"asyncLoadAssets":null},{"__type__":"cc.Scene","_name":"New Node","_children":[{"__id__":2},{"__id__":4}],"_anchorPoint":{"__type__":"cc.Vec2"},"_trs":{"__type__":"TypedArray","ctor":"Float64Array","array":[0,0,0,0,0,0,1,1,1,1]}},{"__type__":"cc.Node","_name":"Canvas","_parent":{"__id__":1},"_children":[{"__id__":3}],"_components":[{"__type__":"cc.Canvas","node":{"__id__":2},"_designResolution":{"__type__":"cc.Size","width":1918,"height":1080}},{"__type__":"cc.Widget","node":{"__id__":2},"_alignFlags":45}],"_contentSize":{"__type__":"cc.Size","width":1918,"height":1080},"_trs":{"__type__":"TypedArray","ctor":"Float64Array","array":[959,540,0,0,0,0,1,1,1,1]},"_id":"ffQ2EeL5BGoJJH1GCs76JM"},{"__type__":"cc.Node","_name":"Main Camera","_parent":{"__id__":2},"_components":[{"__type__":"cc.Camera","node":{"__id__":3},"_clearFlags":7,"_depth":-1}],"_trs":{"__type__":"TypedArray","ctor":"Float64Array","array":[0,0,341.3493255604102,0,0,0,1,1,1,1]}},{"__type__":"cc.Node","_name":"zoulang ","_parent":{"__id__":1},"_children":[{"__id__":5}],"_components":[{"__type__":"cc.Sprite","node":{"__id__":4},"_materials":[{"__uuid__":"ecpdLyjvZBwrvm+cedCcQy"}],"_spriteFrame":{"__uuid__":"3cbNT4espFFbDDZfQSBrIN"}}],"_contentSize":{"__type__":"cc.Size","width":1918,"height":1080},"_trs":{"__type__":"TypedArray","ctor":"Float64Array","array":[960.672,549.736,0,0,0,0,1,1,1,1]},"_id":"48i7TFMiZJUKU85bef9wju"},{"__type__":"cc.Node","_name":"lingjian","_parent":{"__id__":4},"_children":[{"__id__":6}],"_components":[{"__type__":"cc.Button","node":{"__id__":5},"clickEvents":[{"__type__":"cc.ClickEvent","target":{"__id__":5},"_componentId":"feaf9we+ddPm5BXjNBkpHVt","handler":"test"}],"_N$transition":2,"transition":2,"_N$normalColor":{"__type__":"cc.Color","r":230,"g":230,"b":230},"_N$pressedColor":{"__type__":"cc.Color","r":200,"g":200,"b":200},"pressedColor":{"__type__":"cc.Color","r":200,"g":200,"b":200},"_N$disabledColor":{"__type__":"cc.Color","r":120,"g":120,"b":120,"a":200},"_N$normalSprite":{"__uuid__":"83D2hPFhxDEpb1yVEIs7fT"},"_N$pressedSprite":{"__uuid__":"83D2hPFhxDEpb1yVEIs7fT"},"pressedSprite":{"__uuid__":"83D2hPFhxDEpb1yVEIs7fT"},"_N$hoverSprite":{"__uuid__":"83D2hPFhxDEpb1yVEIs7fT"},"hoverSprite":{"__uuid__":"83D2hPFhxDEpb1yVEIs7fT"},"_N$disabledSprite":{"__uuid__":"83D2hPFhxDEpb1yVEIs7fT"},"_N$target":{"__id__":6}},{"__type__":"feaf9we+ddPm5BXjNBkpHVt","node":{"__id__":5}}],"_contentSize":{"__type__":"cc.Size","width":100,"height":40},"_trs":{"__type__":"TypedArray","ctor":"Float64Array","array":[-12.198,-47.38,0,0,0,0,1,3.185,3.185,3.185]}},{"__type__":"cc.Node","_name":"Background","_objFlags":512,"_parent":{"__id__":5},"_children":[{"__id__":7}],"_components":[{"__type__":"cc.Sprite","node":{"__id__":6},"_materials":[{"__uuid__":"ecpdLyjvZBwrvm+cedCcQy"}],"_spriteFrame":{"__uuid__":"83D2hPFhxDEpb1yVEIs7fT"},"_type":1,"_sizeMode":0},{"__type__":"cc.Widget","node":{"__id__":6},"alignMode":0,"_alignFlags":45,"_originalWidth":100,"_originalHeight":40}],"_contentSize":{"__type__":"cc.Size","width":100,"height":40},"_trs":{"__type__":"TypedArray","ctor":"Float64Array","array":[0,0,0,0,0,0,1,1,1,1]}},{"__type__":"cc.Node","_name":"Label","_objFlags":512,"_parent":{"__id__":6},"_components":[{"__type__":"cc.Label","node":{"__id__":7},"_materials":[{"__uuid__":"ecpdLyjvZBwrvm+cedCcQy"}],"_useOriginalSize":false,"_string":"捡起零件","_N$string":"捡起零件","_fontSize":20,"_enableWrapText":false,"_N$file":{"__uuid__":"45yRQsU55Ld5Pa1tnioGoH"},"_isSystemFontUsed":false,"_N$horizontalAlign":1,"_N$verticalAlign":1,"_N$overflow":1,"_N$cacheMode":1}],"_color":{"__type__":"cc.Color","r":242,"g":242,"b":242},"_contentSize":{"__type__":"cc.Size","width":100,"height":40},"_trs":{"__type__":"TypedArray","ctor":"Float64Array","array":[0,0,0,0,0,0,1,1,1,1]}}],{"__type__":"cc.SpriteFrame","content":{"name":"zoulang ","texture":"59HlyJNLxPRbmAQyTU/2WK","rect":[0,0,1918,1080],"offset":[0,0],"originalSize":[1918,1080],"capInsets":[0,0,0,0]}},{"__type__":"cc.SpriteFrame","content":{"name":"text","texture":"27BLtRKj1KpogihfqtvNlE","rect":[0,0,618,166],"offset":[0,0],"originalSize":[618,166],"capInsets":[0,0,0,0]}}]