{
  "version": "1.1.1",
  "windows": {
    "main": {
      "main": true,
      "url": "app://editor/index.html",
      "windowType": "dockable",
      "x": 0,
      "y": 0,
      "width": 1280,
      "height": 754,
      "layout": {
        "children": [
          {
            "children": [
              {
                "active": 0,
                "children": [
                  "hierarchy"
                ],
                "height": 226,
                "type": "panel",
                "width": 205
              },
              {
                "active": 0,
                "children": [
                  "assets",
                  "cloud-function"
                ],
                "height": 426,
                "type": "panel",
                "width": 205
              }
            ],
            "height": 655,
            "type": "dock-v",
            "width": 205
          },
          {
            "children": [
              {
                "active": 0,
                "children": [
                  "scene"
                ],
                "height": 278.4270935058594,
                "type": "panel",
                "width": 750
              },
              {
                "active": 0,
                "children": [
                  "console",
                  "timeline",
                  "game-window"
                ],
                "height": 280.40625,
                "type": "panel",
                "width": 750
              }
            ],
            "height": 561.8333740234375,
            "type": "dock-v",
            "width": 750
          },
          {
            "active": 0,
            "children": [
              "inspector",
              "cocos-services"
            ],
            "height": 561.8333740234375,
            "type": "panel",
            "width": 305
          }
        ],
        "type": "dock-h"
      },
      "panels": [
        "hierarchy",
        "assets",
        "cloud-function",
        "scene",
        "console",
        "timeline",
        "game-window",
        "inspector",
        "cocos-services"
      ]
    }
  },
  "panels": {
    "project-settings": {
      "x": 672,
      "y": 240,
      "width": 600,
      "height": 565
    },
    "builder": {
      "x": 702,
      "y": 140,
      "width": 516,
      "height": 739
    },
    "sprite-editor": {
      "x": 380,
      "y": 60,
      "width": 516,
      "height": 538
    }
  },
  "panelLabelWidth": {
    "project-settings": null,
    "inspector": null,
    "builder": null
  },
  "panelLabelWidth.project-settings": null,
  "panelLabelWidth.inspector": null,
  "panelLabelWidth.builder": null
}
