{
  "9836134e-b892-4283-b6b2-78b5acf3ed45": {
    "asset": 1669796563218,
    "meta": 1669883699037,
    "relativePath": "effects"
  },
  "430eccbf-bf2c-4e6e-8c0c-884bbb487f32": {
    "asset": 1669796563211,
    "meta": 1669883699066,
    "relativePath": "effects\\__builtin-editor-gizmo-line.effect"
  },
  "6c5cf6e1-b044-4eac-9431-835644d57381": {
    "asset": 1669796563214,
    "meta": 1669883699082,
    "relativePath": "effects\\__builtin-editor-gizmo-unlit.effect"
  },
  "115286d1-2e10-49ee-aab4-341583f607e8": {
    "asset": 1669796563217,
    "meta": 1669883699118,
    "relativePath": "effects\\__builtin-editor-gizmo.effect"
  },
  "abc2cb62-7852-4525-a90d-d474487b88f2": {
    "asset": 1669796563204,
    "meta": 1669883699196,
    "relativePath": "effects\\builtin-phong.effect"
  },
  "e2f00085-c597-422d-9759-52c360279106": {
    "asset": 1669796563207,
    "meta": 1669883699250,
    "relativePath": "effects\\builtin-toon.effect"
  },
  "f8e6b000-5643-4b86-9080-aa680ce1f599": {
    "asset": 1669796563277,
    "meta": 1669883699252,
    "relativePath": "image"
  },
  "e851e89b-faa2-4484-bea6-5c01dd9f06e2": {
    "asset": 1669796563227,
    "meta": 1669883699273,
    "relativePath": "image\\default_btn_normal.png"
  },
  "71561142-4c83-4933-afca-cb7a17f67053": {
    "asset": 1669796563225,
    "meta": 1669883699274,
    "relativePath": "image\\default_btn_disabled.png"
  },
  "b43ff3c2-02bb-4874-81f7-f2dea6970f18": {
    "asset": 1669796563230,
    "meta": 1669883699283,
    "relativePath": "image\\default_btn_pressed.png"
  },
  "edd215b9-2796-4a05-aaf5-81f96c9281ce": {
    "asset": 1669796563232,
    "meta": 1669883699285,
    "relativePath": "image\\default_editbox_bg.png"
  },
  "99170b0b-d210-46f1-b213-7d9e3f23098a": {
    "asset": 1669796563241,
    "meta": 1669883699294,
    "relativePath": "image\\default_progressbar_bg.png"
  },
  "d81ec8ad-247c-4e62-aa3c-d35c4193c7af": {
    "asset": 1669796563235,
    "meta": 1669883699296,
    "relativePath": "image\\default_panel.png"
  },
  "cfef78f1-c8df-49b7-8ed0-4c953ace2621": {
    "asset": 1669796563238,
    "meta": 1669883699304,
    "relativePath": "image\\default_progressbar.png"
  },
  "567dcd80-8bf4-4535-8a5a-313f1caf078a": {
    "asset": 1669796563244,
    "meta": 1669883699306,
    "relativePath": "image\\default_radio_button_off.png"
  },
  "9d60001f-b5f4-4726-a629-2659e3ded0b8": {
    "asset": 1669796563247,
    "meta": 1669883699315,
    "relativePath": "image\\default_radio_button_on.png"
  },
  "4bab67cb-18e6-4099-b840-355f0473f890": {
    "asset": 1669796563252,
    "meta": 1669883699317,
    "relativePath": "image\\default_scrollbar_bg.png"
  },
  "617323dd-11f4-4dd3-8eec-0caf6b3b45b9": {
    "asset": 1669796563258,
    "meta": 1669883699325,
    "relativePath": "image\\default_scrollbar_vertical_bg.png"
  },
  "d6d3ca85-4681-47c1-b5dd-d036a9d39ea2": {
    "asset": 1669796563255,
    "meta": 1669883699327,
    "relativePath": "image\\default_scrollbar_vertical.png"
  },
  "0291c134-b3da-4098-b7b5-e397edbe947f": {
    "asset": 1669796563250,
    "meta": 1669883699335,
    "relativePath": "image\\default_scrollbar.png"
  },
  "0275e94c-56a7-410f-bd1a-fc7483f7d14a": {
    "asset": 1669796563263,
    "meta": 1669883699336,
    "relativePath": "image\\default_sprite_splash.png"
  },
  "6e056173-d285-473c-b206-40a7fff5386e": {
    "asset": 1669796563261,
    "meta": 1669883699344,
    "relativePath": "image\\default_sprite.png"
  },
  "73a0903d-d80e-4e3c-aa67-f999543c08f5": {
    "asset": 1669796563266,
    "meta": 1669883699346,
    "relativePath": "image\\default_toggle_checkmark.png"
  },
  "c25b9d50-c8fc-4d27-beeb-6e7c1f2e5c0f": {
    "asset": 1669796563268,
    "meta": 1669883699356,
    "relativePath": "image\\default_toggle_disabled.png"
  },
  "d29077ba-1627-4a72-9579-7b56a235340c": {
    "asset": 1669796563271,
    "meta": 1669883699359,
    "relativePath": "image\\default_toggle_normal.png"
  },
  "b181c1e4-0a72-4a91-bfb0-ae6f36ca60bd": {
    "asset": 1669796563275,
    "meta": 1669883699369,
    "relativePath": "image\\default_toggle_pressed.png"
  },
  "5c3eedba-6c41-4c0c-9ba7-d91f813cbd1c": {
    "asset": 1669796563283,
    "meta": 1669883699369,
    "relativePath": "materials"
  },
  "c4480a0a-6ac5-443f-8b40-361a14257fc8": {
    "asset": 1669796563283,
    "meta": 1669883699791,
    "relativePath": "materials\\builtin-phong.mtl"
  },
  "fc09f9bd-2cce-4605-b630-8145ef809ed6": {
    "asset": 1669796563291,
    "meta": 1669883699373,
    "relativePath": "misc"
  },
  "600301aa-3357-4a10-b086-84f011fa32ba": {
    "asset": 1669796563221,
    "meta": 1669883699376,
    "relativePath": "image\\default-particle.png"
  },
  "db019bf7-f71c-4111-98cf-918ea180cb48": {
    "asset": 1669796563323,
    "meta": 1669883699377,
    "relativePath": "model"
  },
  "e39e96e6-6f6e-413f-bcf1-ac7679bb648a": {
    "asset": 1669796563317,
    "meta": 1669883699377,
    "relativePath": "model\\prefab"
  },
  "a87cc147-01b2-43f8-8e42-a7ca90b0c757": {
    "asset": 1669883699380,
    "meta": 1669883699381,
    "relativePath": "model\\prefab\\box.prefab"
  },
  "fe1417b6-fe6b-46a4-ae7c-9fd331f33a2a": {
    "asset": 1669883699382,
    "meta": 1669883699383,
    "relativePath": "model\\prefab\\capsule.prefab"
  },
  "2be36297-9abb-4fee-8049-9ed5e271da8a": {
    "asset": 1669796563290,
    "meta": 1669883699385,
    "relativePath": "misc\\default_video.mp4"
  },
  "b5fc2cf2-7942-483d-be1f-bbeadc4714ad": {
    "asset": 1669883699387,
    "meta": 1669883699387,
    "relativePath": "model\\prefab\\cone.prefab"
  },
  "1c5e4038-953a-44c2-b620-0bbfc6170477": {
    "asset": 1669883699389,
    "meta": 1669883699390,
    "relativePath": "model\\prefab\\cylinder.prefab"
  },
  "3f376125-a699-40ca-ad05-04d662eaa1f2": {
    "asset": 1669883699391,
    "meta": 1669883699392,
    "relativePath": "model\\prefab\\plane.prefab"
  },
  "6c9ef10d-b479-420b-bfe6-39cdda6a8ae0": {
    "asset": 1669883699393,
    "meta": 1669883699395,
    "relativePath": "model\\prefab\\quad.prefab"
  },
  "2d9a4b85-b0ab-4c46-84c5-18f393ab2058": {
    "asset": 1669883699396,
    "meta": 1669883699397,
    "relativePath": "model\\prefab\\sphere.prefab"
  },
  "de510076-056b-484f-b94c-83bef217d0e1": {
    "asset": 1669883699407,
    "meta": 1669883699408,
    "relativePath": "model\\prefab\\torus.prefab"
  },
  "f6e6dd15-71d1-4ffe-ace7-24fd39942c05": {
    "asset": 1669796563328,
    "meta": 1669883699409,
    "relativePath": "obsolete"
  },
  "8a96b965-2dc0-4e03-aa90-3b79cb93b5b4": {
    "asset": 1669796563327,
    "meta": 1669883699422,
    "relativePath": "obsolete\\atom.png"
  },
  "f743d2b6-b7ea-4c14-a55b-547ed4d0a045": {
    "asset": 1669796563337,
    "meta": 1669883699423,
    "relativePath": "particle"
  },
  "b8223619-7e38-47c4-841f-9160c232495a": {
    "asset": 1669796563326,
    "meta": 1669883699811,
    "relativePath": "obsolete\\atom.plist"
  },
  "d0a82d39-bede-46c4-b698-c81ff0dedfff": {
    "asset": 1669796563336,
    "meta": 1669883699435,
    "relativePath": "particle\\atom.png"
  },
  "ae6c6c98-11e4-452f-8758-75f5c6a56e83": {
    "asset": 1669796563428,
    "meta": 1669883699435,
    "relativePath": "prefab"
  },
  "b2687ac4-099e-403c-a192-ff477686f4f5": {
    "asset": 1669796563332,
    "meta": 1669883699812,
    "relativePath": "particle\\atom.plist"
  },
  "897ef7a1-4860-4f64-968d-f5924b18668a": {
    "asset": 1669883699437,
    "meta": 1669883699438,
    "relativePath": "prefab\\2d-camera.prefab"
  },
  "70d7cdb0-04cd-41bb-9480-c06a4785f386": {
    "asset": 1669883699440,
    "meta": 1669883699441,
    "relativePath": "prefab\\3d-camera.prefab"
  },
  "70bbeb73-6dc2-4ee4-8faf-76b3a0e34ec4": {
    "asset": 1669883699443,
    "meta": 1669883699444,
    "relativePath": "prefab\\3d-particle.prefab"
  },
  "ed88f13d-fcad-4848-aa35-65a2cb973584": {
    "asset": 1669883699446,
    "meta": 1669883699446,
    "relativePath": "prefab\\3d-stage.prefab"
  },
  "972b9a4d-47ee-4c74-b5c3-61d8a69bc29f": {
    "asset": 1669883699448,
    "meta": 1669883699449,
    "relativePath": "prefab\\button.prefab"
  },
  "2c937608-2562-40ea-b264-7395df6f0cea": {
    "asset": 1669883699451,
    "meta": 1669883699452,
    "relativePath": "prefab\\canvas.prefab"
  },
  "61aeb05b-3b32-452b-8eed-2b76deeed554": {
    "asset": 1669883699454,
    "meta": 1669883699454,
    "relativePath": "prefab\\editbox.prefab"
  },
  "27756ebb-3d33-44b0-9b96-e858fadd4dd4": {
    "asset": 1669883699456,
    "meta": 1669883699457,
    "relativePath": "prefab\\label.prefab"
  },
  "785a442c-3ceb-45be-a46e-7317f625f3b9": {
    "asset": 1669883699459,
    "meta": 1669883699460,
    "relativePath": "prefab\\layout.prefab"
  },
  "a3ee0214-b432-4865-9666-4a3211814282": {
    "asset": 1669796563385,
    "meta": 1669883699461,
    "relativePath": "prefab\\light"
  },
  "61906da3-7003-4bda-9abc-5769c76faee4": {
    "asset": 1669883699463,
    "meta": 1669883699464,
    "relativePath": "prefab\\light\\ambient.prefab"
  },
  "ddb99b39-7004-47cd-9705-751905c43c46": {
    "asset": 1669883699466,
    "meta": 1669883699466,
    "relativePath": "prefab\\light\\directional.prefab"
  },
  "0cf30284-9073-46bc-9eba-e62b69dbbff3": {
    "asset": 1669883699468,
    "meta": 1669883699469,
    "relativePath": "prefab\\light\\point.prefab"
  },
  "f5331fd2-bf42-4ee3-a3fd-3e1657600eff": {
    "asset": 1669883699471,
    "meta": 1669883699471,
    "relativePath": "prefab\\light\\spot.prefab"
  },
  "ca8401fe-ad6e-41a8-bd46-8e3e4e9945be": {
    "asset": 1669883699474,
    "meta": 1669883699475,
    "relativePath": "prefab\\pageview.prefab"
  },
  "cd33edea-55f5-46c2-958d-357a01384a36": {
    "asset": 1669883699477,
    "meta": 1669883699479,
    "relativePath": "prefab\\particlesystem.prefab"
  },
  "5965ffac-69da-4b55-bcde-9225d0613c28": {
    "asset": 1669883699480,
    "meta": 1669883699481,
    "relativePath": "prefab\\progressBar.prefab"
  },
  "4a37dd57-78cd-4cec-aad4-f11a73d12b63": {
    "asset": 1669883699483,
    "meta": 1669883699484,
    "relativePath": "prefab\\richtext.prefab"
  },
  "32044bd2-481f-4cf1-a656-e2b2fb1594eb": {
    "asset": 1669883699486,
    "meta": 1669883699487,
    "relativePath": "prefab\\scrollview.prefab"
  },
  "0004d1cf-a0ad-47d8-ab17-34d3db9d35a3": {
    "asset": 1669883699496,
    "meta": 1669883699496,
    "relativePath": "prefab\\slider.prefab"
  },
  "1f55e3be-b89b-4b79-88de-47fd31018044": {
    "asset": 1669883699498,
    "meta": 1669883699499,
    "relativePath": "prefab\\sprite_splash.prefab"
  },
  "96083d03-c332-4a3f-9386-d03e2d19e8ee": {
    "asset": 1669883699501,
    "meta": 1669883699502,
    "relativePath": "prefab\\sprite.prefab"
  },
  "7de03a80-4457-438d-95a7-3e7cdffd6086": {
    "asset": 1669883699503,
    "meta": 1669883699504,
    "relativePath": "prefab\\tiledmap.prefab"
  },
  "0e42ba95-1fa1-46aa-b2cf-143cd1bcee2c": {
    "asset": 1669883699513,
    "meta": 1669883699514,
    "relativePath": "prefab\\tiledtile.prefab"
  },
  "0d784963-d024-4ea6-a7db-03be0ad63010": {
    "asset": 1669883699516,
    "meta": 1669883699517,
    "relativePath": "prefab\\toggle.prefab"
  },
  "bf0a434c-84dd-4a8e-a08a-7a36f180cc75": {
    "asset": 1669883699536,
    "meta": 1669883699537,
    "relativePath": "prefab\\toggleContainer.prefab"
  },
  "d1b8be49-b0a0-435c-83b7-552bed4bbe35": {
    "asset": 1669883699545,
    "meta": 1669883699546,
    "relativePath": "prefab\\toggleGroup.prefab"
  },
  "232d2782-c4bd-4bb4-9e01-909f03d6d3b9": {
    "asset": 1669883699563,
    "meta": 1669883699563,
    "relativePath": "prefab\\videoplayer.prefab"
  },
  "8c5001fd-07ee-4a4b-a8a0-63e15195e94d": {
    "asset": 1669883699569,
    "meta": 1669883699569,
    "relativePath": "prefab\\webview.prefab"
  },
  "d8afc78c-4eac-4a9f-83dd-67bc70344d33": {
    "asset": 1669796563458,
    "meta": 1669883699570,
    "relativePath": "resources"
  },
  "294c1663-4adf-4a1e-a795-53808011a38a": {
    "asset": 1669796563456,
    "meta": 1669883699571,
    "relativePath": "resources\\effects"
  },
  "30682f87-9f0d-4f17-8a44-72863791461b": {
    "asset": 1669796563434,
    "meta": 1669883699583,
    "relativePath": "resources\\effects\\builtin-2d-graphics.effect"
  },
  "144c3297-af63-49e8-b8ef-1cfa29b3be28": {
    "asset": 1669796563436,
    "meta": 1669883699592,
    "relativePath": "resources\\effects\\builtin-2d-gray-sprite.effect"
  },
  "f18742d7-56d2-4eb5-ae49-2d9d710b37c8": {
    "asset": 1669796563438,
    "meta": 1669883699603,
    "relativePath": "resources\\effects\\builtin-2d-label.effect"
  },
  "0e93aeaa-0b53-4e40-b8e0-6268b4e07bd7": {
    "asset": 1669796563441,
    "meta": 1669883699613,
    "relativePath": "resources\\effects\\builtin-2d-spine.effect"
  },
  "2874f8dd-416c-4440-81b7-555975426e93": {
    "asset": 1669796563444,
    "meta": 1669883699622,
    "relativePath": "resources\\effects\\builtin-2d-sprite.effect"
  },
  "829a282c-b049-4019-bd38-5ace8d8a6417": {
    "asset": 1669796563447,
    "meta": 1669883699706,
    "relativePath": "resources\\effects\\builtin-3d-particle.effect"
  },
  "2a7c0036-e0b3-4fe1-8998-89a54b8a2bec": {
    "asset": 1669796563450,
    "meta": 1669883699726,
    "relativePath": "resources\\effects\\builtin-3d-trail.effect"
  },
  "c0040c95-c57f-49cd-9cbc-12316b73d0d4": {
    "asset": 1669796563452,
    "meta": 1669883699738,
    "relativePath": "resources\\effects\\builtin-clear-stencil.effect"
  },
  "6d91e591-4ce0-465c-809f-610ec95019c6": {
    "asset": 1669796563455,
    "meta": 1669883699754,
    "relativePath": "resources\\effects\\builtin-unlit.effect"
  },
  "bbee2217-c261-49bd-a8ce-708d6bcc3500": {
    "asset": 1669796563484,
    "meta": 1669883699755,
    "relativePath": "resources\\materials"
  },
  "6f801092-0c37-4f30-89ef-c8d960825b36": {
    "asset": 1669796563460,
    "meta": 1669883699845,
    "relativePath": "resources\\materials\\builtin-2d-base.mtl"
  },
  "a153945d-2511-4c14-be7b-05d242f47d57": {
    "asset": 1669796563462,
    "meta": 1669883699845,
    "relativePath": "resources\\materials\\builtin-2d-graphics.mtl"
  },
  "3a7bb79f-32fd-422e-ada2-96f518fed422": {
    "asset": 1669796563465,
    "meta": 1669883699847,
    "relativePath": "resources\\materials\\builtin-2d-gray-sprite.mtl"
  },
  "e02d87d4-e599-4d16-8001-e14891ac6506": {
    "asset": 1669796563467,
    "meta": 1669883699848,
    "relativePath": "resources\\materials\\builtin-2d-label.mtl"
  },
  "7afd064b-113f-480e-b793-8817d19f63c3": {
    "asset": 1669796563470,
    "meta": 1669883699850,
    "relativePath": "resources\\materials\\builtin-2d-spine.mtl"
  },
  "eca5d2f2-8ef6-41c2-bbe6-f9c79d09c432": {
    "asset": 1669796563472,
    "meta": 1669883699852,
    "relativePath": "resources\\materials\\builtin-2d-sprite.mtl"
  },
  "432fa09c-cf03-4cff-a186-982604408a07": {
    "asset": 1669796563476,
    "meta": 1669883699853,
    "relativePath": "resources\\materials\\builtin-3d-particle.mtl"
  },
  "466d4f9b-e5f4-4ea8-85d5-3c6e9a65658a": {
    "asset": 1669796563478,
    "meta": 1669883699854,
    "relativePath": "resources\\materials\\builtin-3d-trail.mtl"
  },
  "cf7e0bb8-a81c-44a9-ad79-d28d43991032": {
    "asset": 1669796563480,
    "meta": 1669883699856,
    "relativePath": "resources\\materials\\builtin-clear-stencil.mtl"
  },
  "2a296057-247c-4a1c-bbeb-0548b6c98650": {
    "asset": 1669796563483,
    "meta": 1669883699857,
    "relativePath": "resources\\materials\\builtin-unlit.mtl"
  },
  "954fec8b-cd16-4bb9-a3b7-7719660e7558": {
    "asset": 1669796563322,
    "meta": 1669883701836,
    "relativePath": "model\\primitives.fbx"
  },
  "29f52784-2fca-467b-92e7-8fd9ef8c57b7": {
    "asset": 1669984268749,
    "meta": 1670081817871,
    "relativePath": "Scene"
  },
  "4734c20c-0db8-4eb2-92ea-e692f4d70934": {
    "asset": 1669979953928,
    "meta": 1670081817874,
    "relativePath": "Script"
  },
  "7b81d4e8-ec84-4716-968d-500ac1d78a54": {
    "asset": 1669979421507,
    "meta": 1670081817876,
    "relativePath": "Texture"
  },
  "9e84296a-2140-4ecd-85cc-dc3073d37f81": {
    "asset": 1669721486754,
    "meta": 1669883786588,
    "relativePath": "Texture\\2.jpg"
  },
  "137d26a0-3e80-4667-853a-cc319ad81f58": {
    "asset": 1669721478904,
    "meta": 1669883786593,
    "relativePath": "Texture\\1.jpg"
  },
  "d6fa9323-7cbb-46f4-b6c9-837714f44526": {
    "asset": 1669721524228,
    "meta": 1669883786627,
    "relativePath": "Texture\\4.jpg"
  },
  "25e09b06-d165-4b49-8dc7-39c656eb8f5d": {
    "asset": 1669721516179,
    "meta": 1669883786629,
    "relativePath": "Texture\\3.jpg"
  },
  "1905df87-f4f1-48b2-b032-6ee9a33ae5b9": {
    "asset": 1669721542361,
    "meta": 1669883786661,
    "relativePath": "Texture\\6.jpg"
  },
  "df070fb1-9f47-4411-807e-69fa133dbef6": {
    "asset": 1669721530287,
    "meta": 1669883786663,
    "relativePath": "Texture\\5.jpg"
  },
  "57d1c407-65e9-4b50-8d74-fb09673fad84": {
    "asset": 1669721547176,
    "meta": 1669883786687,
    "relativePath": "Texture\\7.jpg"
  },
  "6e854780-5f04-401c-a144-f93898e788ea": {
    "asset": 1669721552093,
    "meta": 1669883786699,
    "relativePath": "Texture\\8.jpg"
  },
  "741cfdd8-5500-4801-b3fd-ac000001c783": {
    "asset": 1669979488996,
    "meta": 1669984038327,
    "relativePath": "Scene\\scene4.fire"
  },
  "6614952a-2916-413d-a979-f626db6900d2": {
    "asset": 1670081941408,
    "meta": 1670081941430,
    "relativePath": "Scene\\scene_test.fire"
  },
  "c50faca1-32f1-4fb7-bf28-f6279e62beac": {
    "asset": 1669953427697,
    "meta": 1669953464040,
    "relativePath": "Texture\\plot.png"
  },
  "5fe7fb8d-b737-414d-b507-f685a9ecd901": {
    "asset": 1669961142774,
    "meta": 1669961234150,
    "relativePath": "Script\\music.js"
  },
  "12ec5eda-5ccc-47bd-91f3-ca82df9b0101": {
    "asset": 1669984782300,
    "meta": 1669984782314,
    "relativePath": "Scene\\home.fire"
  },
  "8b517c02-22ab-4808-81a4-b84b8efdde84": {
    "asset": 1669971152204,
    "meta": 1669971153401,
    "relativePath": "Script\\label.js"
  },
  "d7ceb93a-05e2-4a5c-9312-024784081cda": {
    "asset": 1669972135665,
    "meta": 1669972136551,
    "relativePath": "Script\\turnTo_4.js"
  },
  "16c5b762-0809-417e-8b7c-d354063392ed": {
    "asset": 1669973356602,
    "meta": 1669973358273,
    "relativePath": "Script\\label - test.js"
  },
  "04cb2039-8ae4-4d61-ae87-90b575ff10fc": {
    "asset": 1669984510479,
    "meta": 1670081817869,
    "relativePath": "music"
  },
  "9b6b55c3-ae13-423f-95e7-b6f474b5c800": {
    "asset": 1669979393801,
    "meta": 1669979421562,
    "relativePath": "Texture\\9.jpg"
  },
  "f5905d18-913e-47f4-8f1a-8148af1415c5": {
    "asset": 1669981369959,
    "meta": 1669981369968,
    "relativePath": "Scene\\bad_ending.fire"
  },
  "726811ca-4020-43d1-8509-1e29ceb1e616": {
    "asset": 1669984443202,
    "meta": 1669984443216,
    "relativePath": "Scene\\fakegood_ending.fire"
  },
  "6ec28255-49a2-47fe-a8fe-0a261c0d1e77": {
    "asset": 1669981243924,
    "meta": 1669981245377,
    "relativePath": "Script\\bad_ending.js"
  },
  "4f2fea20-7578-4439-a9e9-23fb1d1a436e": {
    "asset": 1669981775947,
    "meta": 1669981776632,
    "relativePath": "Script\\fakegood_ending.js"
  },
  "99cde946-11b7-42a8-b4a9-ec19a31be899": {
    "asset": 1669984425543,
    "meta": 1669984425552,
    "relativePath": "Scene\\good_ending.fire"
  },
  "7aba681e-65c2-4527-8064-763a6e9787c8": {
    "asset": 1669982301936,
    "meta": 1669982305330,
    "relativePath": "Script\\good_ending.js"
  },
  "891077fc-f9ad-4658-a002-1e0c7420ef3a": {
    "asset": 1669984079679,
    "meta": 1669984511076,
    "relativePath": "music\\bgmusic.mp3"
  },
  "f15ad40b-c2f2-4f1a-ae83-13f8def38005": {
    "asset": 1670081891941,
    "meta": 1670081893497,
    "relativePath": "Script\\turnTo_test.js"
  }
}