[{"__type__":"cc.SpriteFrame","content":{"name":"plot","texture":"c5D6yhMvFPt78o9ieeYr6s","rect":[1,1,616,163],"offset":[0,0],"originalSize":[618,165],"capInsets":[0,0,0,0]}},{"__type__":"cc.SpriteFrame","content":{"name":"bg3","texture":"eb3BmuNnlEp7E3dqr86jxD","rect":[0,0,3986,2244],"offset":[0,0],"originalSize":[3986,2244],"capInsets":[0,0,0,0]}},[{"__type__":"cc.SceneAsset","_name":"Winy","scene":{"__id__":1},"asyncLoadAssets":null},{"__type__":"cc.Scene","_name":"New Node","_children":[{"__id__":2},{"__id__":7}],"_anchorPoint":{"__type__":"cc.Vec2"},"_trs":{"__type__":"TypedArray","ctor":"Float64Array","array":[0,0,0,0,0,0,1,1,1,1]}},{"__type__":"cc.Node","_name":"Canvas","_parent":{"__id__":1},"_children":[{"__id__":3},{"__id__":4},{"__id__":6}],"_components":[{"__type__":"cc.Canvas","node":{"__id__":2},"_designResolution":{"__type__":"cc.Size","width":1920,"height":1080},"_fitWidth":true},{"__type__":"cc.Widget","node":{"__id__":2},"_alignFlags":45},{"__type__":"cc.AudioSource","node":{"__id__":2},"_clip":{"__uuid__":"0cO7bUjRJGlpei/P+SEQnb"},"playOnLoad":true}],"_contentSize":{"__type__":"cc.Size","width":1920,"height":1080},"_trs":{"__type__":"TypedArray","ctor":"Float64Array","array":[960,540,0,0,0,0,1,1,1,1]},"_id":"a5esZu+45LA5mBpvttspPD"},{"__type__":"cc.Node","_name":"Main Camera","_parent":{"__id__":2},"_components":[{"__type__":"cc.Camera","node":{"__id__":3},"_clearFlags":7,"_depth":-1}],"_contentSize":{"__type__":"cc.Size","width":960,"height":640},"_trs":{"__type__":"TypedArray","ctor":"Float64Array","array":[0,0,312.28433380031316,0,0,0,1,1,1,1]}},{"__type__":"cc.Node","_name":"bg3","_parent":{"__id__":2},"_children":[{"__id__":5}],"_components":[{"__type__":"cc.Sprite","node":{"__id__":4},"_materials":[{"__uuid__":"ecpdLyjvZBwrvm+cedCcQy"}],"_spriteFrame":{"__uuid__":"88/4Ftf8NAGr5whdlor7XB"}}],"_contentSize":{"__type__":"cc.Size","width":3986,"height":2244},"_trs":{"__type__":"TypedArray","ctor":"Float64Array","array":[3.25,-3.362,0,0,0,0,1,0.48,0.48,1]}},{"__type__":"cc.Node","_name":"plot","_parent":{"__id__":4},"_components":[{"__type__":"cc.Sprite","node":{"__id__":5},"_materials":[{"__uuid__":"ecpdLyjvZBwrvm+cedCcQy"}],"_spriteFrame":{"__uuid__":"7cOAzci4FOGp6r0EpEVg2P"},"_sizeMode":0}],"_contentSize":{"__type__":"cc.Size","width":10000,"height":160},"_trs":{"__type__":"TypedArray","ctor":"Float64Array","array":[-6.771,-959.564,0,0,0,0,1,2.08333,2.08333,2.08333]}},{"__type__":"cc.Node","_name":"textLabel","_parent":{"__id__":2},"_components":[{"__type__":"cc.Label","node":{"__id__":6},"_materials":[{"__uuid__":"ecpdLyjvZBwrvm+cedCcQy"}],"_useOriginalSize":false,"_string":"锁被砸断，门开啦！！！","_N$string":"锁被砸断，门开啦！！！","_N$file":{"__uuid__":"c196Wji6FAtYU4qixAq9Rd"},"_isSystemFontUsed":false,"_N$horizontalAlign":1,"_N$verticalAlign":1}],"_contentSize":{"__type__":"cc.Size","width":440,"height":50.4},"_trs":{"__type__":"TypedArray","ctor":"Float64Array","array":[72.968,-466.841,0,0,0,0,1,1.92,1.92,1.92]}},{"__type__":"cc.Node","_name":"New Button","_parent":{"__id__":1},"_children":[{"__id__":8}],"_components":[{"__type__":"cc.Button","node":{"__id__":7},"clickEvents":[{"__type__":"cc.ClickEvent","target":{"__id__":7},"_componentId":"f15adQLwvJPGq6DE/je84AF","handler":"toScene4"}],"_N$transition":2,"transition":2,"_N$normalColor":{"__type__":"cc.Color","r":230,"g":230,"b":230},"_N$pressedColor":{"__type__":"cc.Color","r":200,"g":200,"b":200},"pressedColor":{"__type__":"cc.Color","r":200,"g":200,"b":200},"_N$disabledColor":{"__type__":"cc.Color","r":120,"g":120,"b":120,"a":200},"_N$normalSprite":{"__uuid__":"7cOAzci4FOGp6r0EpEVg2P"},"_N$pressedSprite":{"__uuid__":"7cOAzci4FOGp6r0EpEVg2P"},"pressedSprite":{"__uuid__":"7cOAzci4FOGp6r0EpEVg2P"},"_N$hoverSprite":{"__uuid__":"7cOAzci4FOGp6r0EpEVg2P"},"hoverSprite":{"__uuid__":"7cOAzci4FOGp6r0EpEVg2P"},"_N$disabledSprite":{"__uuid__":"7cOAzci4FOGp6r0EpEVg2P"},"_N$target":{"__id__":8}},{"__type__":"f15adQLwvJPGq6DE/je84AF","node":{"__id__":7}}],"_contentSize":{"__type__":"cc.Size","width":220,"height":80},"_trs":{"__type__":"TypedArray","ctor":"Float64Array","array":[554.445,512.509,0,0,0,0,1,1,1,1]},"_id":"90cpkX8rxN3Juep/0b2T2W"},{"__type__":"cc.Node","_name":"Background","_objFlags":512,"_parent":{"__id__":7},"_children":[{"__id__":9}],"_components":[{"__type__":"cc.Sprite","node":{"__id__":8},"_materials":[{"__uuid__":"ecpdLyjvZBwrvm+cedCcQy"}],"_spriteFrame":{"__uuid__":"7cOAzci4FOGp6r0EpEVg2P"},"_type":1,"_sizeMode":0},{"__type__":"cc.Widget","node":{"__id__":8},"alignMode":0,"_alignFlags":45,"_originalWidth":100,"_originalHeight":40}],"_contentSize":{"__type__":"cc.Size","width":220,"height":80},"_trs":{"__type__":"TypedArray","ctor":"Float64Array","array":[0,0,0,0,0,0,1,1,1,1]}},{"__type__":"cc.Node","_name":"Label","_objFlags":512,"_parent":{"__id__":8},"_components":[{"__type__":"cc.Label","node":{"__id__":9},"_materials":[{"__uuid__":"ecpdLyjvZBwrvm+cedCcQy"}],"_useOriginalSize":false,"_string":"下楼","_N$string":"下楼","_enableWrapText":false,"_N$file":{"__uuid__":"c196Wji6FAtYU4qixAq9Rd"},"_isSystemFontUsed":false,"_N$horizontalAlign":1,"_N$verticalAlign":1,"_N$fontFamily":"宋体","_N$overflow":1,"_N$cacheMode":1}],"_color":{"__type__":"cc.Color","r":255,"g":248,"b":248},"_contentSize":{"__type__":"cc.Size","width":200,"height":80},"_trs":{"__type__":"TypedArray","ctor":"Float64Array","array":[0,0,0,0,0,0,1,1,1,1]}}]]