{
  "9836134e-b892-4283-b6b2-78b5acf3ed45": {
    "asset": 1669796563218,
    "meta": 1670673440519,
    "relativePath": "effects"
  },
  "430eccbf-bf2c-4e6e-8c0c-884bbb487f32": {
    "asset": 1669796563211,
    "meta": 1670673440536,
    "relativePath": "effects\\__builtin-editor-gizmo-line.effect"
  },
  "6c5cf6e1-b044-4eac-9431-835644d57381": {
    "asset": 1669796563214,
    "meta": 1670673440550,
    "relativePath": "effects\\__builtin-editor-gizmo-unlit.effect"
  },
  "115286d1-2e10-49ee-aab4-341583f607e8": {
    "asset": 1669796563217,
    "meta": 1670673440585,
    "relativePath": "effects\\__builtin-editor-gizmo.effect"
  },
  "abc2cb62-7852-4525-a90d-d474487b88f2": {
    "asset": 1669796563204,
    "meta": 1670673440681,
    "relativePath": "effects\\builtin-phong.effect"
  },
  "e2f00085-c597-422d-9759-52c360279106": {
    "asset": 1669796563207,
    "meta": 1670673440754,
    "relativePath": "effects\\builtin-toon.effect"
  },
  "f8e6b000-5643-4b86-9080-aa680ce1f599": {
    "asset": 1669796563277,
    "meta": 1670673440756,
    "relativePath": "image"
  },
  "71561142-4c83-4933-afca-cb7a17f67053": {
    "asset": 1669796563225,
    "meta": 1670673440796,
    "relativePath": "image\\default_btn_disabled.png"
  },
  "e851e89b-faa2-4484-bea6-5c01dd9f06e2": {
    "asset": 1669796563227,
    "meta": 1670673440800,
    "relativePath": "image\\default_btn_normal.png"
  },
  "edd215b9-2796-4a05-aaf5-81f96c9281ce": {
    "asset": 1669796563232,
    "meta": 1670673440825,
    "relativePath": "image\\default_editbox_bg.png"
  },
  "b43ff3c2-02bb-4874-81f7-f2dea6970f18": {
    "asset": 1669796563230,
    "meta": 1670673440827,
    "relativePath": "image\\default_btn_pressed.png"
  },
  "99170b0b-d210-46f1-b213-7d9e3f23098a": {
    "asset": 1669796563241,
    "meta": 1670673440844,
    "relativePath": "image\\default_progressbar_bg.png"
  },
  "d81ec8ad-247c-4e62-aa3c-d35c4193c7af": {
    "asset": 1669796563235,
    "meta": 1670673440845,
    "relativePath": "image\\default_panel.png"
  },
  "cfef78f1-c8df-49b7-8ed0-4c953ace2621": {
    "asset": 1669796563238,
    "meta": 1670673440858,
    "relativePath": "image\\default_progressbar.png"
  },
  "567dcd80-8bf4-4535-8a5a-313f1caf078a": {
    "asset": 1669796563244,
    "meta": 1670673440861,
    "relativePath": "image\\default_radio_button_off.png"
  },
  "4bab67cb-18e6-4099-b840-355f0473f890": {
    "asset": 1669796563252,
    "meta": 1670673440875,
    "relativePath": "image\\default_scrollbar_bg.png"
  },
  "9d60001f-b5f4-4726-a629-2659e3ded0b8": {
    "asset": 1669796563247,
    "meta": 1670673440877,
    "relativePath": "image\\default_radio_button_on.png"
  },
  "d6d3ca85-4681-47c1-b5dd-d036a9d39ea2": {
    "asset": 1669796563255,
    "meta": 1670673440891,
    "relativePath": "image\\default_scrollbar_vertical.png"
  },
  "617323dd-11f4-4dd3-8eec-0caf6b3b45b9": {
    "asset": 1669796563258,
    "meta": 1670673440893,
    "relativePath": "image\\default_scrollbar_vertical_bg.png"
  },
  "0291c134-b3da-4098-b7b5-e397edbe947f": {
    "asset": 1669796563250,
    "meta": 1670673440908,
    "relativePath": "image\\default_scrollbar.png"
  },
  "0275e94c-56a7-410f-bd1a-fc7483f7d14a": {
    "asset": 1669796563263,
    "meta": 1670673440910,
    "relativePath": "image\\default_sprite_splash.png"
  },
  "6e056173-d285-473c-b206-40a7fff5386e": {
    "asset": 1669796563261,
    "meta": 1670673440926,
    "relativePath": "image\\default_sprite.png"
  },
  "73a0903d-d80e-4e3c-aa67-f999543c08f5": {
    "asset": 1669796563266,
    "meta": 1670673440928,
    "relativePath": "image\\default_toggle_checkmark.png"
  },
  "d29077ba-1627-4a72-9579-7b56a235340c": {
    "asset": 1669796563271,
    "meta": 1670673440945,
    "relativePath": "image\\default_toggle_normal.png"
  },
  "c25b9d50-c8fc-4d27-beeb-6e7c1f2e5c0f": {
    "asset": 1669796563268,
    "meta": 1670673440947,
    "relativePath": "image\\default_toggle_disabled.png"
  },
  "b181c1e4-0a72-4a91-bfb0-ae6f36ca60bd": {
    "asset": 1669796563275,
    "meta": 1670673440961,
    "relativePath": "image\\default_toggle_pressed.png"
  },
  "5c3eedba-6c41-4c0c-9ba7-d91f813cbd1c": {
    "asset": 1669796563283,
    "meta": 1670673440962,
    "relativePath": "materials"
  },
  "c4480a0a-6ac5-443f-8b40-361a14257fc8": {
    "asset": 1669796563283,
    "meta": 1670673441736,
    "relativePath": "materials\\builtin-phong.mtl"
  },
  "fc09f9bd-2cce-4605-b630-8145ef809ed6": {
    "asset": 1669796563291,
    "meta": 1670673440967,
    "relativePath": "misc"
  },
  "600301aa-3357-4a10-b086-84f011fa32ba": {
    "asset": 1669796563221,
    "meta": 1670673440974,
    "relativePath": "image\\default-particle.png"
  },
  "db019bf7-f71c-4111-98cf-918ea180cb48": {
    "asset": 1669796563323,
    "meta": 1670673440975,
    "relativePath": "model"
  },
  "e39e96e6-6f6e-413f-bcf1-ac7679bb648a": {
    "asset": 1669796563317,
    "meta": 1670673440978,
    "relativePath": "model\\prefab"
  },
  "2be36297-9abb-4fee-8049-9ed5e271da8a": {
    "asset": 1669796563290,
    "meta": 1670673440980,
    "relativePath": "misc\\default_video.mp4"
  },
  "a87cc147-01b2-43f8-8e42-a7ca90b0c757": {
    "asset": 1670673440984,
    "meta": 1670673440984,
    "relativePath": "model\\prefab\\box.prefab"
  },
  "fe1417b6-fe6b-46a4-ae7c-9fd331f33a2a": {
    "asset": 1670673440986,
    "meta": 1670673440987,
    "relativePath": "model\\prefab\\capsule.prefab"
  },
  "b5fc2cf2-7942-483d-be1f-bbeadc4714ad": {
    "asset": 1670673440990,
    "meta": 1670673440991,
    "relativePath": "model\\prefab\\cone.prefab"
  },
  "1c5e4038-953a-44c2-b620-0bbfc6170477": {
    "asset": 1670673440993,
    "meta": 1670673440994,
    "relativePath": "model\\prefab\\cylinder.prefab"
  },
  "3f376125-a699-40ca-ad05-04d662eaa1f2": {
    "asset": 1670673440997,
    "meta": 1670673440998,
    "relativePath": "model\\prefab\\plane.prefab"
  },
  "6c9ef10d-b479-420b-bfe6-39cdda6a8ae0": {
    "asset": 1670673440999,
    "meta": 1670673441000,
    "relativePath": "model\\prefab\\quad.prefab"
  },
  "de510076-056b-484f-b94c-83bef217d0e1": {
    "asset": 1670673441003,
    "meta": 1670673441005,
    "relativePath": "model\\prefab\\torus.prefab"
  },
  "2d9a4b85-b0ab-4c46-84c5-18f393ab2058": {
    "asset": 1670673441015,
    "meta": 1670673441016,
    "relativePath": "model\\prefab\\sphere.prefab"
  },
  "f6e6dd15-71d1-4ffe-ace7-24fd39942c05": {
    "asset": 1669796563328,
    "meta": 1670673441017,
    "relativePath": "obsolete"
  },
  "8a96b965-2dc0-4e03-aa90-3b79cb93b5b4": {
    "asset": 1669796563327,
    "meta": 1670673441037,
    "relativePath": "obsolete\\atom.png"
  },
  "f743d2b6-b7ea-4c14-a55b-547ed4d0a045": {
    "asset": 1669796563337,
    "meta": 1670673441038,
    "relativePath": "particle"
  },
  "b8223619-7e38-47c4-841f-9160c232495a": {
    "asset": 1669796563326,
    "meta": 1670673441754,
    "relativePath": "obsolete\\atom.plist"
  },
  "d0a82d39-bede-46c4-b698-c81ff0dedfff": {
    "asset": 1669796563336,
    "meta": 1670673441055,
    "relativePath": "particle\\atom.png"
  },
  "ae6c6c98-11e4-452f-8758-75f5c6a56e83": {
    "asset": 1669796563428,
    "meta": 1670673441056,
    "relativePath": "prefab"
  },
  "b2687ac4-099e-403c-a192-ff477686f4f5": {
    "asset": 1669796563332,
    "meta": 1670673441757,
    "relativePath": "particle\\atom.plist"
  },
  "897ef7a1-4860-4f64-968d-f5924b18668a": {
    "asset": 1670673441059,
    "meta": 1670673441060,
    "relativePath": "prefab\\2d-camera.prefab"
  },
  "70d7cdb0-04cd-41bb-9480-c06a4785f386": {
    "asset": 1670673441063,
    "meta": 1670673441064,
    "relativePath": "prefab\\3d-camera.prefab"
  },
  "70bbeb73-6dc2-4ee4-8faf-76b3a0e34ec4": {
    "asset": 1670673441069,
    "meta": 1670673441070,
    "relativePath": "prefab\\3d-particle.prefab"
  },
  "ed88f13d-fcad-4848-aa35-65a2cb973584": {
    "asset": 1670673441074,
    "meta": 1670673441075,
    "relativePath": "prefab\\3d-stage.prefab"
  },
  "972b9a4d-47ee-4c74-b5c3-61d8a69bc29f": {
    "asset": 1670673441080,
    "meta": 1670673441081,
    "relativePath": "prefab\\button.prefab"
  },
  "2c937608-2562-40ea-b264-7395df6f0cea": {
    "asset": 1670673441084,
    "meta": 1670673441085,
    "relativePath": "prefab\\canvas.prefab"
  },
  "61aeb05b-3b32-452b-8eed-2b76deeed554": {
    "asset": 1670673441089,
    "meta": 1670673441090,
    "relativePath": "prefab\\editbox.prefab"
  },
  "27756ebb-3d33-44b0-9b96-e858fadd4dd4": {
    "asset": 1670673441093,
    "meta": 1670673441094,
    "relativePath": "prefab\\label.prefab"
  },
  "785a442c-3ceb-45be-a46e-7317f625f3b9": {
    "asset": 1670673441099,
    "meta": 1670673441100,
    "relativePath": "prefab\\layout.prefab"
  },
  "a3ee0214-b432-4865-9666-4a3211814282": {
    "asset": 1669796563385,
    "meta": 1670673441101,
    "relativePath": "prefab\\light"
  },
  "61906da3-7003-4bda-9abc-5769c76faee4": {
    "asset": 1670673441104,
    "meta": 1670673441105,
    "relativePath": "prefab\\light\\ambient.prefab"
  },
  "ddb99b39-7004-47cd-9705-751905c43c46": {
    "asset": 1670673441107,
    "meta": 1670673441108,
    "relativePath": "prefab\\light\\directional.prefab"
  },
  "0cf30284-9073-46bc-9eba-e62b69dbbff3": {
    "asset": 1670673441111,
    "meta": 1670673441112,
    "relativePath": "prefab\\light\\point.prefab"
  },
  "f5331fd2-bf42-4ee3-a3fd-3e1657600eff": {
    "asset": 1670673441114,
    "meta": 1670673441115,
    "relativePath": "prefab\\light\\spot.prefab"
  },
  "ca8401fe-ad6e-41a8-bd46-8e3e4e9945be": {
    "asset": 1670673441119,
    "meta": 1670673441120,
    "relativePath": "prefab\\pageview.prefab"
  },
  "cd33edea-55f5-46c2-958d-357a01384a36": {
    "asset": 1670673441122,
    "meta": 1670673441124,
    "relativePath": "prefab\\particlesystem.prefab"
  },
  "5965ffac-69da-4b55-bcde-9225d0613c28": {
    "asset": 1670673441127,
    "meta": 1670673441128,
    "relativePath": "prefab\\progressBar.prefab"
  },
  "4a37dd57-78cd-4cec-aad4-f11a73d12b63": {
    "asset": 1670673441130,
    "meta": 1670673441132,
    "relativePath": "prefab\\richtext.prefab"
  },
  "32044bd2-481f-4cf1-a656-e2b2fb1594eb": {
    "asset": 1670673441135,
    "meta": 1670673441138,
    "relativePath": "prefab\\scrollview.prefab"
  },
  "0004d1cf-a0ad-47d8-ab17-34d3db9d35a3": {
    "asset": 1670673441141,
    "meta": 1670673441142,
    "relativePath": "prefab\\slider.prefab"
  },
  "1f55e3be-b89b-4b79-88de-47fd31018044": {
    "asset": 1670673441145,
    "meta": 1670673441147,
    "relativePath": "prefab\\sprite_splash.prefab"
  },
  "96083d03-c332-4a3f-9386-d03e2d19e8ee": {
    "asset": 1670673441153,
    "meta": 1670673441154,
    "relativePath": "prefab\\sprite.prefab"
  },
  "7de03a80-4457-438d-95a7-3e7cdffd6086": {
    "asset": 1670673441157,
    "meta": 1670673441158,
    "relativePath": "prefab\\tiledmap.prefab"
  },
  "0e42ba95-1fa1-46aa-b2cf-143cd1bcee2c": {
    "asset": 1670673441161,
    "meta": 1670673441162,
    "relativePath": "prefab\\tiledtile.prefab"
  },
  "0d784963-d024-4ea6-a7db-03be0ad63010": {
    "asset": 1670673441164,
    "meta": 1670673441165,
    "relativePath": "prefab\\toggle.prefab"
  },
  "bf0a434c-84dd-4a8e-a08a-7a36f180cc75": {
    "asset": 1670673441177,
    "meta": 1670673441178,
    "relativePath": "prefab\\toggleContainer.prefab"
  },
  "d1b8be49-b0a0-435c-83b7-552bed4bbe35": {
    "asset": 1670673441205,
    "meta": 1670673441205,
    "relativePath": "prefab\\toggleGroup.prefab"
  },
  "232d2782-c4bd-4bb4-9e01-909f03d6d3b9": {
    "asset": 1670673441210,
    "meta": 1670673441212,
    "relativePath": "prefab\\videoplayer.prefab"
  },
  "8c5001fd-07ee-4a4b-a8a0-63e15195e94d": {
    "asset": 1670673441220,
    "meta": 1670673441221,
    "relativePath": "prefab\\webview.prefab"
  },
  "d8afc78c-4eac-4a9f-83dd-67bc70344d33": {
    "asset": 1669796563458,
    "meta": 1670673441223,
    "relativePath": "resources"
  },
  "294c1663-4adf-4a1e-a795-53808011a38a": {
    "asset": 1669796563456,
    "meta": 1670673441224,
    "relativePath": "resources\\effects"
  },
  "30682f87-9f0d-4f17-8a44-72863791461b": {
    "asset": 1669796563434,
    "meta": 1670673441240,
    "relativePath": "resources\\effects\\builtin-2d-graphics.effect"
  },
  "144c3297-af63-49e8-b8ef-1cfa29b3be28": {
    "asset": 1669796563436,
    "meta": 1670673441254,
    "relativePath": "resources\\effects\\builtin-2d-gray-sprite.effect"
  },
  "f18742d7-56d2-4eb5-ae49-2d9d710b37c8": {
    "asset": 1669796563438,
    "meta": 1670673441272,
    "relativePath": "resources\\effects\\builtin-2d-label.effect"
  },
  "0e93aeaa-0b53-4e40-b8e0-6268b4e07bd7": {
    "asset": 1669796563441,
    "meta": 1670673441288,
    "relativePath": "resources\\effects\\builtin-2d-spine.effect"
  },
  "2874f8dd-416c-4440-81b7-555975426e93": {
    "asset": 1669796563444,
    "meta": 1670673441304,
    "relativePath": "resources\\effects\\builtin-2d-sprite.effect"
  },
  "829a282c-b049-4019-bd38-5ace8d8a6417": {
    "asset": 1669796563447,
    "meta": 1670673441611,
    "relativePath": "resources\\effects\\builtin-3d-particle.effect"
  },
  "2a7c0036-e0b3-4fe1-8998-89a54b8a2bec": {
    "asset": 1669796563450,
    "meta": 1670673441643,
    "relativePath": "resources\\effects\\builtin-3d-trail.effect"
  },
  "c0040c95-c57f-49cd-9cbc-12316b73d0d4": {
    "asset": 1669796563452,
    "meta": 1670673441652,
    "relativePath": "resources\\effects\\builtin-clear-stencil.effect"
  },
  "6d91e591-4ce0-465c-809f-610ec95019c6": {
    "asset": 1669796563455,
    "meta": 1670673441679,
    "relativePath": "resources\\effects\\builtin-unlit.effect"
  },
  "bbee2217-c261-49bd-a8ce-708d6bcc3500": {
    "asset": 1669796563484,
    "meta": 1670673441681,
    "relativePath": "resources\\materials"
  },
  "6f801092-0c37-4f30-89ef-c8d960825b36": {
    "asset": 1669796563460,
    "meta": 1670673441780,
    "relativePath": "resources\\materials\\builtin-2d-base.mtl"
  },
  "a153945d-2511-4c14-be7b-05d242f47d57": {
    "asset": 1669796563462,
    "meta": 1670673441781,
    "relativePath": "resources\\materials\\builtin-2d-graphics.mtl"
  },
  "3a7bb79f-32fd-422e-ada2-96f518fed422": {
    "asset": 1669796563465,
    "meta": 1670673441785,
    "relativePath": "resources\\materials\\builtin-2d-gray-sprite.mtl"
  },
  "e02d87d4-e599-4d16-8001-e14891ac6506": {
    "asset": 1669796563467,
    "meta": 1670673441788,
    "relativePath": "resources\\materials\\builtin-2d-label.mtl"
  },
  "7afd064b-113f-480e-b793-8817d19f63c3": {
    "asset": 1669796563470,
    "meta": 1670673441790,
    "relativePath": "resources\\materials\\builtin-2d-spine.mtl"
  },
  "eca5d2f2-8ef6-41c2-bbe6-f9c79d09c432": {
    "asset": 1669796563472,
    "meta": 1670673441792,
    "relativePath": "resources\\materials\\builtin-2d-sprite.mtl"
  },
  "432fa09c-cf03-4cff-a186-982604408a07": {
    "asset": 1669796563476,
    "meta": 1670673441794,
    "relativePath": "resources\\materials\\builtin-3d-particle.mtl"
  },
  "466d4f9b-e5f4-4ea8-85d5-3c6e9a65658a": {
    "asset": 1669796563478,
    "meta": 1670673441795,
    "relativePath": "resources\\materials\\builtin-3d-trail.mtl"
  },
  "cf7e0bb8-a81c-44a9-ad79-d28d43991032": {
    "asset": 1669796563480,
    "meta": 1670673441796,
    "relativePath": "resources\\materials\\builtin-clear-stencil.mtl"
  },
  "2a296057-247c-4a1c-bbeb-0548b6c98650": {
    "asset": 1669796563483,
    "meta": 1670673441799,
    "relativePath": "resources\\materials\\builtin-unlit.mtl"
  },
  "954fec8b-cd16-4bb9-a3b7-7719660e7558": {
    "asset": 1669796563322,
    "meta": 1670673441808,
    "relativePath": "model\\primitives.fbx"
  }
}