[[{"__type__":"cc.Prefab","_name":"box","data":{"__id__":1}},{"__type__":"cc.Node","_name":"box","_components":[{"__type__":"cc.Sprite","node":{"__id__":1},"_materials":[{"__uuid__":"ecpdLyjvZBwrvm+cedCcQy"}],"_spriteFrame":{"__uuid__":"2e1XHqmD9H0LTtzjHnyRJY"},"_sizeMode":0},{"__id__":2},{"__id__":3},{"__id__":4},{"__id__":5},{"__type__":"ea81a0aVfNCnLHSfyLuV4bi","node":{"__id__":1},"self":{"__id__":2},"self_box":{"__id__":4},"self_collision":{"__id__":3},"me":{"__id__":1},"move":{"__id__":5}}],"_prefab":{"__type__":"cc.PrefabInfo","root":{"__id__":1},"asset":{"__id__":0},"fileId":"94O2/tVr1Hd7z6FNYA19WD"},"_color":{"__type__":"cc.Color","r":16,"g":11,"b":11},"_contentSize":{"__type__":"cc.Size","width":150,"height":100},"_trs":{"__type__":"TypedArray","ctor":"Float64Array","array":[7.065,142.907,0,0,0,0,1,1,1,1]}},{"__type__":"cc.RigidBody","node":{"__id__":1},"enabledContactListener":true},{"__type__":"cc.BoxCollider","node":{"__id__":1},"_size":{"__type__":"cc.Size","width":150,"height":50}},{"__type__":"cc.PhysicsBoxCollider","node":{"__id__":1},"_size":{"__type__":"cc.Size","width":150,"height":50}},{"__type__":"cc.Animation","node":{"__id__":1},"_defaultClip":{"__uuid__":"50GN7rrfhC277PZvO9xoNQ"},"_clips":[{"__uuid__":"50GN7rrfhC277PZvO9xoNQ"}]}],{"__type__":"cc.SpriteFrame","content":{"name":"desk","texture":"4csvqTf2RE1bgVudM+yf4M","rect":[12,22,176,149],"offset":[0,3.5],"originalSize":[200,200],"capInsets":[0,0,0,0]}},[{"__type__":"cc.SceneAsset","_name":"Game","scene":{"__id__":1},"asyncLoadAssets":null},{"__type__":"cc.Scene","_name":"New Node","_children":[{"__id__":2}],"_anchorPoint":{"__type__":"cc.Vec2"},"_trs":{"__type__":"TypedArray","ctor":"Float64Array","array":[0,0,0,0,0,0,1,1,1,1]},"autoReleaseAssets":false},{"__type__":"cc.Node","_name":"Canvas","_parent":{"__id__":1},"_children":[{"__id__":3},{"__id__":4},{"__id__":6},{"__id__":13}],"_components":[{"__type__":"cc.Canvas","node":{"__id__":2}},{"__type__":"cc.Widget","node":{"__id__":2},"_alignFlags":45},{"__type__":"a9c77OsfXVFwLyMOoqGwbYx","node":{"__id__":2}},{"__type__":"da5a82I4MlGbJ03vu1lh0HJ","node":{"__id__":2}},{"__type__":"af2feGEwdFA1LEogFZe9Ai1","node":{"__id__":2},"box":{"__uuid__":"0bRZVlE2lN85a9w7eyckBI"},"xiangji":{"__id__":4},"boxParent":{"__id__":6},"box_self":{"__id__":8},"score_lb":{"__id__":14},"lb_score":{"__id__":13}}],"_contentSize":{"__type__":"cc.Size","width":960,"height":640},"_trs":{"__type__":"TypedArray","ctor":"Float64Array","array":[480,320,0,0,0,0,1,1,1,1]},"_id":"a5esZu+45LA5mBpvttspPD"},{"__type__":"cc.Node","_name":"lbg","_parent":{"__id__":2},"_components":[{"__type__":"cc.Sprite","node":{"__id__":3},"_materials":[{"__uuid__":"ecpdLyjvZBwrvm+cedCcQy"}],"_spriteFrame":{"__uuid__":"f9ODpWd+hO4ql0s1bXJ685"},"_sizeMode":0}],"_contentSize":{"__type__":"cc.Size","width":960,"height":640},"_trs":{"__type__":"TypedArray","ctor":"Float64Array","array":[0,0,0,0,0,0,1,1,1,1]}},{"__type__":"cc.Node","_name":"Main Camera","_parent":{"__id__":2},"_children":[{"__id__":5}],"_components":[{"__type__":"cc.Camera","node":{"__id__":4},"_clearFlags":7,"_depth":-1}],"_contentSize":{"__type__":"cc.Size","width":960,"height":640},"_trs":{"__type__":"TypedArray","ctor":"Float64Array","array":[0,-24.518,313.1517902830918,0,0,0,1,1,1,1]}},{"__type__":"cc.Node","_name":"UnderWall","_parent":{"__id__":4},"_components":[{"__type__":"cc.Sprite","node":{"__id__":5},"_materials":[{"__uuid__":"ecpdLyjvZBwrvm+cedCcQy"}],"_spriteFrame":{"__uuid__":"a2MjXRFdtLlYQ5ouAFv/+R"},"_sizeMode":0},{"__type__":"cc.BoxCollider","node":{"__id__":5},"_size":{"__type__":"cc.Size","width":960,"height":20}},{"__type__":"4b82eQHP+9P5Yl3ILyejqrm","node":{"__id__":5},"moveSound":{"__uuid__":"d2dgsmWTRBMJUNScFGwP8n"}}],"_color":{"__type__":"cc.Color","r":26,"g":22,"b":22},"_contentSize":{"__type__":"cc.Size","width":960,"height":20},"_trs":{"__type__":"TypedArray","ctor":"Float64Array","array":[-5.736,-281.056,0,0,0,0,1,1,1,1]}},{"__type__":"cc.Node","_name":"BoxParent","_parent":{"__id__":2},"_children":[{"__id__":7},{"__id__":8}],"_trs":{"__type__":"TypedArray","ctor":"Float64Array","array":[0,0,0,0,0,0,1,1,1,1]}},{"__type__":"cc.Node","_name":"ground","_parent":{"__id__":6},"_components":[{"__type__":"cc.Sprite","node":{"__id__":7},"_materials":[{"__uuid__":"ecpdLyjvZBwrvm+cedCcQy"}],"_spriteFrame":{"__uuid__":"2e1XHqmD9H0LTtzjHnyRJY"},"_sizeMode":0},{"__type__":"cc.RigidBody","node":{"__id__":7},"_type":0,"enabledContactListener":true},{"__type__":"cc.BoxCollider","node":{"__id__":7},"_size":{"__type__":"cc.Size","width":150,"height":50}},{"__type__":"cc.PhysicsBoxCollider","node":{"__id__":7},"_size":{"__type__":"cc.Size","width":150,"height":50}}],"_color":{"__type__":"cc.Color","r":244,"g":231,"b":231},"_contentSize":{"__type__":"cc.Size","width":150,"height":100},"_trs":{"__type__":"TypedArray","ctor":"Float64Array","array":[9.194,-245.972,0,0,0,0,1,1,1,1]}},{"__type__":"cc.Node","_name":"box","_parent":{"__id__":6},"_components":[{"__type__":"cc.Sprite","node":{"__id__":8},"_materials":[{"__uuid__":"ecpdLyjvZBwrvm+cedCcQy"}],"_spriteFrame":{"__uuid__":"2e1XHqmD9H0LTtzjHnyRJY"},"_sizeMode":0},{"__id__":9},{"__id__":10},{"__id__":11},{"__id__":12},{"__type__":"ea81a0aVfNCnLHSfyLuV4bi","node":{"__id__":8},"self":{"__id__":9},"self_box":{"__id__":11},"self_collision":{"__id__":10},"me":{"__id__":8},"move":{"__id__":12}}],"_prefab":{"__type__":"cc.PrefabInfo","root":{"__id__":8},"asset":{"__uuid__":"0bRZVlE2lN85a9w7eyckBI"},"fileId":"94O2/tVr1Hd7z6FNYA19WD"},"_color":{"__type__":"cc.Color","r":16,"g":11,"b":11},"_contentSize":{"__type__":"cc.Size","width":150,"height":100},"_trs":{"__type__":"TypedArray","ctor":"Float64Array","array":[7.065,142.907,0,0,0,0,1,1,1,1]}},{"__type__":"cc.RigidBody","node":{"__id__":8},"enabledContactListener":true},{"__type__":"cc.BoxCollider","node":{"__id__":8},"_size":{"__type__":"cc.Size","width":150,"height":50}},{"__type__":"cc.PhysicsBoxCollider","node":{"__id__":8},"_size":{"__type__":"cc.Size","width":150,"height":50}},{"__type__":"cc.Animation","node":{"__id__":8},"_defaultClip":{"__uuid__":"50GN7rrfhC277PZvO9xoNQ"},"_clips":[{"__uuid__":"50GN7rrfhC277PZvO9xoNQ"}]},{"__type__":"cc.Node","_name":"score","_parent":{"__id__":2},"_components":[{"__id__":14}],"_color":{"__type__":"cc.Color","r":19,"g":15,"b":15},"_contentSize":{"__type__":"cc.Size","width":93.76,"height":50.4},"_trs":{"__type__":"TypedArray","ctor":"Float64Array","array":[0,250,0,0,0,0,1,1,1,1]}},{"__type__":"cc.Label","node":{"__id__":13},"_materials":[{"__uuid__":"ecpdLyjvZBwrvm+cedCcQy"}],"_useOriginalSize":false,"_string":"Label","_N$string":"Label","_N$file":{"__uuid__":"c196Wji6FAtYU4qixAq9Rd"},"_isSystemFontUsed":false,"_N$horizontalAlign":1,"_N$verticalAlign":1}],{"__type__":"cc.AnimationClip","_name":"move","_duration":1,"sample":40,"speed":0.5,"wrapMode":2,"curveData":{"props":{"x":[{"frame":0,"value":-250},{"frame":0.25,"value":0},{"frame":0.5,"value":250},{"frame":0.75,"value":0},{"frame":1,"value":-250}]}}},{"__type__":"cc.SpriteFrame","content":{"name":"default_sprite_splash","texture":"02delMVqdBD70a/HSD99FK","rect":[0,0,2,2],"offset":[0,0],"originalSize":[2,2],"capInsets":[0,0,0,0]}},{"__type__":"cc.AudioClip","_name":"重物落地声","_native":".mp3","duration":0.835918},{"__type__":"cc.SpriteFrame","content":{"name":"lbg","texture":"1b1au9VKhPn7o9X+ibyVJK","rect":[0,0,1871,1080],"offset":[0,0],"originalSize":[1871,1080],"capInsets":[0,0,0,0]}}]