[[{"__type__":"cc.SceneAsset","_name":"Gamey","scene":{"__id__":1},"asyncLoadAssets":null},{"__type__":"cc.Scene","_name":"New Node","_children":[{"__id__":2}],"_active":false,"_anchorPoint":{"__type__":"cc.Vec2"},"_trs":{"__type__":"TypedArray","ctor":"Float64Array","array":[0,0,0,0,0,0,1,1,1,1]}},{"__type__":"cc.Node","_name":"Canvas","_parent":{"__id__":1},"_children":[{"__id__":3},{"__id__":4},{"__id__":5}],"_components":[{"__type__":"cc.Canvas","node":{"__id__":2},"_designResolution":{"__type__":"cc.Size","width":1920,"height":1080},"_fitWidth":true},{"__type__":"cc.Widget","node":{"__id__":2},"_alignFlags":45},{"__type__":"54a06mhqCRC0ZsRL6jsaSE9","node":{"__id__":2},"arrowPrefab":{"__uuid__":"655UYC29lE2KE+J3jnGRkZ"},"targetPrefab":{"__uuid__":"a0st/bKHlBI4srhKh+kcw+"}},{"__type__":"cc.Mask","node":{"__id__":2},"_materials":[{"__uuid__":"ecpdLyjvZBwrvm+cedCcQy"}]},{"__type__":"fbeb7RnNFJEkZxVZSsHgJ0X","node":{"__id__":2},"score":{"__id__":8},"timeBar":{"__id__":13},"losesound":{"__uuid__":"5fuAY3W9xBn4MrVaHJcSMU"},"winsound":{"__uuid__":"0cO7bUjRJGlpei/P+SEQnb"}}],"_contentSize":{"__type__":"cc.Size","width":1920,"height":1080},"_trs":{"__type__":"TypedArray","ctor":"Float64Array","array":[960,540,0,0,0,0,1,1,1,1]},"_id":"ces+mLsVlCFoxYv2ga8rAk"},{"__type__":"cc.Node","_name":"Main Camera","_parent":{"__id__":2},"_components":[{"__type__":"cc.Camera","node":{"__id__":3},"_clearFlags":7,"_depth":-1}],"_trs":{"__type__":"TypedArray","ctor":"Float64Array","array":[0,0,312.28433380031316,0,0,0,1,1,1,1]}},{"__type__":"cc.Node","_name":"bg","_parent":{"__id__":2},"_components":[{"__type__":"cc.Sprite","node":{"__id__":4},"_materials":[{"__uuid__":"ecpdLyjvZBwrvm+cedCcQy"}],"_spriteFrame":{"__uuid__":"e2aLztbIdBsoUoDAIEF2rX"}}],"_contentSize":{"__type__":"cc.Size","width":1920,"height":1080},"_trs":{"__type__":"TypedArray","ctor":"Float64Array","array":[-4.701,0,0,0,0,0,1,1,1,1]}},{"__type__":"cc.Node","_name":"Top","_parent":{"__id__":2},"_children":[{"__id__":6},{"__id__":9}],"_components":[{"__type__":"cc.Widget","node":{"__id__":5},"_alignFlags":41,"_left":717.9590000000001,"_right":1202.041,"_top":0.16528518518518515,"_bottom":783,"_isAbsTop":false}],"_trs":{"__type__":"TypedArray","ctor":"Float64Array","array":[-242.04099999999994,361.4920000000001,0,0,0,0,1,1,1,1]}},{"__type__":"cc.Node","_name":"Score","_parent":{"__id__":5},"_children":[{"__id__":7}],"_components":[{"__type__":"cc.Label","node":{"__id__":6},"_materials":[{"__uuid__":"ecpdLyjvZBwrvm+cedCcQy"}],"_useOriginalSize":false,"_string":"得分:","_N$string":"得分:","_N$file":{"__uuid__":"c196Wji6FAtYU4qixAq9Rd"},"_isSystemFontUsed":false,"_N$horizontalAlign":1,"_N$verticalAlign":1}],"_color":{"__type__":"cc.Color","r":19,"g":18,"b":18},"_contentSize":{"__type__":"cc.Size","width":91.08,"height":50.4},"_trs":{"__type__":"TypedArray","ctor":"Float64Array","array":[-427.196,78.223,0,0,0,0,1,3,3,3]}},{"__type__":"cc.Node","_name":"Value","_parent":{"__id__":6},"_components":[{"__id__":8}],"_color":{"__type__":"cc.Color","r":24,"g":22,"b":22},"_contentSize":{"__type__":"cc.Size","width":82.84,"height":50.4},"_trs":{"__type__":"TypedArray","ctor":"Float64Array","array":[94.271,-2.012,0,0,0,0,1,1,1,1]}},{"__type__":"cc.Label","node":{"__id__":7},"_materials":[{"__uuid__":"ecpdLyjvZBwrvm+cedCcQy"}],"_useOriginalSize":false,"_string":"0/20","_N$string":"0/20","_N$file":{"__uuid__":"c196Wji6FAtYU4qixAq9Rd"},"_isSystemFontUsed":false,"_N$horizontalAlign":1,"_N$verticalAlign":1},{"__type__":"cc.Node","_name":"Time","_parent":{"__id__":5},"_children":[{"__id__":10}],"_components":[{"__type__":"cc.Label","node":{"__id__":9},"_materials":[{"__uuid__":"ecpdLyjvZBwrvm+cedCcQy"}],"_useOriginalSize":false,"_string":"时间：","_N$string":"时间：","_N$file":{"__uuid__":"c196Wji6FAtYU4qixAq9Rd"},"_isSystemFontUsed":false,"_N$horizontalAlign":1,"_N$verticalAlign":1}],"_color":{"__type__":"cc.Color","r":19,"g":18,"b":18},"_contentSize":{"__type__":"cc.Size","width":120,"height":50.4},"_trs":{"__type__":"TypedArray","ctor":"Float64Array","array":[245.988,76.203,0,0,0,0,1,3,3,3]}},{"__type__":"cc.Node","_name":"ProBar","_parent":{"__id__":9},"_children":[{"__id__":11}],"_components":[{"__type__":"cc.Sprite","node":{"__id__":10},"_materials":[{"__uuid__":"ecpdLyjvZBwrvm+cedCcQy"}],"_spriteFrame":{"__uuid__":"ee7nxVgsNC7Y11wxB69SJ5"},"_sizeMode":0},{"__id__":13}],"_contentSize":{"__type__":"cc.Size","width":750,"height":80},"_trs":{"__type__":"TypedArray","ctor":"Float64Array","array":[158.921,-1.581,0,0,0,0,1,0.3,0.2,1]}},{"__type__":"cc.Node","_name":"Bar","_parent":{"__id__":10},"_components":[{"__id__":12}],"_contentSize":{"__type__":"cc.Size","width":920,"height":250},"_anchorPoint":{"__type__":"cc.Vec2","y":0.5},"_trs":{"__type__":"TypedArray","ctor":"Float64Array","array":[-366.244,0,0,0,0,0,1,0.8,0.2,1]}},{"__type__":"cc.Sprite","node":{"__id__":11},"_materials":[{"__uuid__":"ecpdLyjvZBwrvm+cedCcQy"}],"_spriteFrame":{"__uuid__":"3bb/LkJK5CFrb8mZiJ3/dx"},"_sizeMode":0},{"__type__":"cc.ProgressBar","node":{"__id__":10},"_N$totalLength":852,"_N$barSprite":{"__id__":12}}],{"__type__":"cc.SpriteFrame","content":{"name":"bar01","texture":"30/lImfzFEJKWUvSC22F4k","rect":[0,3,727,67],"offset":[0,-0.5],"originalSize":[727,72],"capInsets":[0,0,0,0]}},{"__type__":"cc.SpriteFrame","content":{"name":"target","texture":"94yPxXUoxOy4lkOFv2LiZD","rect":[0,0,176,200],"offset":[-12,0],"originalSize":[200,200],"capInsets":[0,0,0,0]}},[{"__type__":"cc.Prefab","_name":"arrow","data":{"__id__":1}},{"__type__":"cc.Node","_name":"arrow","_components":[{"__type__":"cc.Sprite","node":{"__id__":1},"_materials":[{"__uuid__":"ecpdLyjvZBwrvm+cedCcQy"}],"_spriteFrame":{"__uuid__":"b0k4D8hIlGqLkSdZ0whay1"}},{"__type__":"cc.RigidBody","node":{"__id__":1},"_type":0,"_gravityScale":2,"_angularDamping":5,"enabledContactListener":true,"bullet":true},{"__type__":"cc.PhysicsPolygonCollider","node":{"__id__":1},"points":[{"__type__":"cc.Vec2","x":190,"y":5},{"__type__":"cc.Vec2","x":193,"y":57},{"__type__":"cc.Vec2","x":276,"y":62},{"__type__":"cc.Vec2","x":335,"y":-13},{"__type__":"cc.Vec2","x":256,"y":-23}]},{"__type__":"3543anw16VCH7P+izHmvwhY","node":{"__id__":1}},{"__type__":"71e08U3p1tKXpKL9dPSFhDZ","node":{"__id__":1}},{"__type__":"cc.WeldJoint","node":{"__id__":1},"_enabled":false}],"_prefab":{"__type__":"cc.PrefabInfo","root":{"__id__":1},"asset":{"__id__":0},"fileId":"66yIb3d6FOp4323yVvOGBJ"},"_contentSize":{"__type__":"cc.Size","width":1695,"height":1079},"_trs":{"__type__":"TypedArray","ctor":"Float64Array","array":[-756.801,-249.075,0,0,0,0,1,0.4,0.4,1]},"_groupIndex":1,"groupIndex":1}],[{"__type__":"cc.Prefab","_name":"target","data":{"__id__":1}},{"__type__":"cc.Node","_name":"target","_components":[{"__type__":"cc.Sprite","node":{"__id__":1},"_materials":[{"__uuid__":"ecpdLyjvZBwrvm+cedCcQy"}],"_spriteFrame":{"__uuid__":"50R8sMavhLWYKVHPfnvq0t"}},{"__type__":"cc.RigidBody","node":{"__id__":1},"_gravityScale":2,"_linearVelocity":{"__type__":"cc.Vec2","y":1100}},{"__type__":"cc.PhysicsBoxCollider","node":{"__id__":1},"_density":10,"_offset":{"__type__":"cc.Vec2","x":13,"y":-43},"_size":{"__type__":"cc.Size","width":54,"height":86}},{"__type__":"cc.PhysicsPolygonCollider","node":{"__id__":1},"tag":1,"_density":10,"points":[{"__type__":"cc.Vec2","x":3,"y":-52},{"__type__":"cc.Vec2","x":9.08,"y":-49.44},{"__type__":"cc.Vec2","x":14.3,"y":-45.9},{"__type__":"cc.Vec2","x":18.74,"y":-40.59},{"__type__":"cc.Vec2","x":22.62,"y":-34.41},{"__type__":"cc.Vec2","x":25.48,"y":-27.47},{"__type__":"cc.Vec2","x":28.32,"y":-17.33},{"__type__":"cc.Vec2","x":30,"y":-6.11},{"__type__":"cc.Vec2","x":30,"y":14.98},{"__type__":"cc.Vec2","x":27.1,"y":26.1},{"__type__":"cc.Vec2","x":24.29,"y":34.14},{"__type__":"cc.Vec2","x":20.64,"y":40.51},{"__type__":"cc.Vec2","x":13.77,"y":47.55},{"__type__":"cc.Vec2","x":8.35,"y":50.29},{"__type__":"cc.Vec2","x":3,"y":52}]},{"__type__":"71e08U3p1tKXpKL9dPSFhDZ","node":{"__id__":1}}],"_prefab":{"__type__":"cc.PrefabInfo","root":{"__id__":1},"asset":{"__id__":0},"fileId":"04GSUQnnFGLrk5A4CKRY74"},"_contentSize":{"__type__":"cc.Size","width":176,"height":200},"_trs":{"__type__":"TypedArray","ctor":"Float64Array","array":[1257.433,333.91,0,0,0,0,1,1,1,1]},"_groupIndex":2,"groupIndex":2}],{"__type__":"cc.SpriteFrame","content":{"name":"arrow","texture":"4auLwS4GFAObXxA5wjM/KB","rect":[0,0,1695,1079],"offset":[0,0],"originalSize":[1695,1079],"capInsets":[0,0,0,0]}},{"__type__":"cc.SpriteFrame","content":{"name":"bg","texture":"50deaD8bRI1YI5XKphiH6O","rect":[0,0,1920,1080],"offset":[0,0],"originalSize":[1920,1080],"capInsets":[0,0,0,0]}},{"__type__":"cc.SpriteFrame","content":{"name":"bar02","texture":"65Ppv7JYhDxrEVsQer0jPu","rect":[65,66,754,64],"offset":[17,12],"originalSize":[850,220],"capInsets":[0,0,0,0]}}]