[{"__type__":"cc.SpriteFrame","content":{"name":"first scene","texture":"0fbJNcTm1FKJJcHZKX3VrZ","rect":[0,0,2250,1573],"offset":[0,0],"originalSize":[2250,1573],"capInsets":[0,0,0,0]}},{"__type__":"cc.SpriteFrame","content":{"name":"dialog background","texture":"418Xu4onFB15YuqZs9xGew","rect":[1,1,616,163],"offset":[0,0],"originalSize":[618,165],"capInsets":[0,0,0,0]}},[{"__type__":"cc.SceneAsset","_name":"Scene 1.21","scene":{"__id__":1},"asyncLoadAssets":null},{"__type__":"cc.Scene","_name":"New Node","_children":[{"__id__":2}],"_anchorPoint":{"__type__":"cc.Vec2"},"_trs":{"__type__":"TypedArray","ctor":"Float64Array","array":[0,0,0,0,0,0,1,1,1,1]}},{"__type__":"cc.Node","_name":"Canvas","_parent":{"__id__":1},"_children":[{"__id__":3},{"__id__":9}],"_components":[{"__type__":"cc.Canvas","node":{"__id__":2}},{"__type__":"cc.Widget","node":{"__id__":2},"_alignFlags":45}],"_contentSize":{"__type__":"cc.Size","width":960,"height":640},"_trs":{"__type__":"TypedArray","ctor":"Float64Array","array":[480,320,0,0,0,0,1,1,1,1]},"_id":"a5esZu+45LA5mBpvttspPD"},{"__type__":"cc.Node","_name":"first scene","_parent":{"__id__":2},"_children":[{"__id__":4},{"__id__":7}],"_components":[{"__type__":"cc.Sprite","node":{"__id__":3},"_materials":[{"__uuid__":"ecpdLyjvZBwrvm+cedCcQy"}],"_spriteFrame":{"__uuid__":"aeGCal9rRKsaTPabQAu/9m"},"_sizeMode":0}],"_contentSize":{"__type__":"cc.Size","width":960,"height":640},"_trs":{"__type__":"TypedArray","ctor":"Float64Array","array":[0,0,0,0,0,0,1,1,1,1]}},{"__type__":"cc.Node","_name":"dialogNode","_parent":{"__id__":3},"_children":[{"__id__":5}],"_components":[{"__type__":"cc.Sprite","node":{"__id__":4},"_materials":[{"__uuid__":"ecpdLyjvZBwrvm+cedCcQy"}],"_spriteFrame":{"__uuid__":"e3YsGT22NEl7p5xTrz1E3h"}},{"__type__":"c627fFpCgZCFr0mOZRqOAU/","node":{"__id__":4},"textLabel":{"__id__":6}}],"_contentSize":{"__type__":"cc.Size","width":616,"height":163},"_anchorPoint":{"__type__":"cc.Vec2","x":0.5},"_trs":{"__type__":"TypedArray","ctor":"Float64Array","array":[0,-320,0,0,0,0,1,1.6,1,1]}},{"__type__":"cc.Node","_name":"TextLabel","_parent":{"__id__":4},"_components":[{"__id__":6}],"_contentSize":{"__type__":"cc.Size","width":920,"height":50.4},"_anchorPoint":{"__type__":"cc.Vec2","y":1},"_trs":{"__type__":"TypedArray","ctor":"Float64Array","array":[-290,150,0,0,0,0,1,0.625,1,1]}},{"__type__":"cc.Label","node":{"__id__":5},"_materials":[{"__uuid__":"ecpdLyjvZBwrvm+cedCcQy"}],"_useOriginalSize":false,"_string":"你绞尽脑汁再次修改代码，又按下运行。","_N$string":"你绞尽脑汁再次修改代码，又按下运行。","_fontSize":35,"_N$file":{"__uuid__":"c196Wji6FAtYU4qixAq9Rd"},"_isSystemFontUsed":false,"_N$verticalAlign":1,"_N$fontFamily":"宋体","_N$overflow":3},{"__type__":"cc.Node","_name":"ConsciousNode","_parent":{"__id__":3},"_components":[{"__id__":8},{"__type__":"b8c8bt1TZhEY6hSobOxeT+J","node":{"__id__":7},"text":{"__id__":8}}],"_color":{"__type__":"cc.Color"},"_contentSize":{"__type__":"cc.Size","width":200,"height":50.4},"_trs":{"__type__":"TypedArray","ctor":"Float64Array","array":[-380,280,0,0,0,0,1,1,1,1]}},{"__type__":"cc.Label","node":{"__id__":7},"_materials":[{"__uuid__":"ecpdLyjvZBwrvm+cedCcQy"}],"_useOriginalSize":false,"_N$verticalAlign":1,"_N$fontFamily":"宋体","_N$overflow":3},{"__type__":"cc.Node","_name":"Main Camera","_parent":{"__id__":2},"_components":[{"__type__":"cc.Camera","node":{"__id__":9},"_clearFlags":7,"_depth":-1}],"_contentSize":{"__type__":"cc.Size","width":960,"height":640},"_trs":{"__type__":"TypedArray","ctor":"Float64Array","array":[0,0,312.28433380031316,0,0,0,1,1,1,1]}}]]