{
  "9836134e-b892-4283-b6b2-78b5acf3ed45": {
    "asset": 1670135539456,
    "meta": 1670241815594,
    "relativePath": "effects"
  },
  "430eccbf-bf2c-4e6e-8c0c-884bbb487f32": {
    "asset": 1670135539436,
    "meta": 1670241815647,
    "relativePath": "effects\\__builtin-editor-gizmo-line.effect"
  },
  "6c5cf6e1-b044-4eac-9431-835644d57381": {
    "asset": 1670135539451,
    "meta": 1670241815665,
    "relativePath": "effects\\__builtin-editor-gizmo-unlit.effect"
  },
  "115286d1-2e10-49ee-aab4-341583f607e8": {
    "asset": 1670135539456,
    "meta": 1670241815714,
    "relativePath": "effects\\__builtin-editor-gizmo.effect"
  },
  "abc2cb62-7852-4525-a90d-d474487b88f2": {
    "asset": 1670135539416,
    "meta": 1670241815849,
    "relativePath": "effects\\builtin-phong.effect"
  },
  "e2f00085-c597-422d-9759-52c360279106": {
    "asset": 1670135539426,
    "meta": 1670241815921,
    "relativePath": "effects\\builtin-toon.effect"
  },
  "f8e6b000-5643-4b86-9080-aa680ce1f599": {
    "asset": 1670135539582,
    "meta": 1670241815926,
    "relativePath": "image"
  },
  "e851e89b-faa2-4484-bea6-5c01dd9f06e2": {
    "asset": 1670135539481,
    "meta": 1670241815980,
    "relativePath": "image\\default_btn_normal.png"
  },
  "71561142-4c83-4933-afca-cb7a17f67053": {
    "asset": 1670135539477,
    "meta": 1670241815987,
    "relativePath": "image\\default_btn_disabled.png"
  },
  "b43ff3c2-02bb-4874-81f7-f2dea6970f18": {
    "asset": 1670135539486,
    "meta": 1670241816010,
    "relativePath": "image\\default_btn_pressed.png"
  },
  "edd215b9-2796-4a05-aaf5-81f96c9281ce": {
    "asset": 1670135539493,
    "meta": 1670241816017,
    "relativePath": "image\\default_editbox_bg.png"
  },
  "99170b0b-d210-46f1-b213-7d9e3f23098a": {
    "asset": 1670135539512,
    "meta": 1670241816042,
    "relativePath": "image\\default_progressbar_bg.png"
  },
  "d81ec8ad-247c-4e62-aa3c-d35c4193c7af": {
    "asset": 1670135539501,
    "meta": 1670241816047,
    "relativePath": "image\\default_panel.png"
  },
  "cfef78f1-c8df-49b7-8ed0-4c953ace2621": {
    "asset": 1670135539502,
    "meta": 1670241816068,
    "relativePath": "image\\default_progressbar.png"
  },
  "567dcd80-8bf4-4535-8a5a-313f1caf078a": {
    "asset": 1670135539517,
    "meta": 1670241816073,
    "relativePath": "image\\default_radio_button_off.png"
  },
  "9d60001f-b5f4-4726-a629-2659e3ded0b8": {
    "asset": 1670135539522,
    "meta": 1670241816101,
    "relativePath": "image\\default_radio_button_on.png"
  },
  "4bab67cb-18e6-4099-b840-355f0473f890": {
    "asset": 1670135539537,
    "meta": 1670241816104,
    "relativePath": "image\\default_scrollbar_bg.png"
  },
  "617323dd-11f4-4dd3-8eec-0caf6b3b45b9": {
    "asset": 1670135539551,
    "meta": 1670241816134,
    "relativePath": "image\\default_scrollbar_vertical_bg.png"
  },
  "d6d3ca85-4681-47c1-b5dd-d036a9d39ea2": {
    "asset": 1670135539542,
    "meta": 1670241816136,
    "relativePath": "image\\default_scrollbar_vertical.png"
  },
  "0275e94c-56a7-410f-bd1a-fc7483f7d14a": {
    "asset": 1670135539562,
    "meta": 1670241816160,
    "relativePath": "image\\default_sprite_splash.png"
  },
  "0291c134-b3da-4098-b7b5-e397edbe947f": {
    "asset": 1670135539532,
    "meta": 1670241816167,
    "relativePath": "image\\default_scrollbar.png"
  },
  "6e056173-d285-473c-b206-40a7fff5386e": {
    "asset": 1670135539558,
    "meta": 1670241816204,
    "relativePath": "image\\default_sprite.png"
  },
  "73a0903d-d80e-4e3c-aa67-f999543c08f5": {
    "asset": 1670135539567,
    "meta": 1670241816210,
    "relativePath": "image\\default_toggle_checkmark.png"
  },
  "d29077ba-1627-4a72-9579-7b56a235340c": {
    "asset": 1670135539579,
    "meta": 1670241816241,
    "relativePath": "image\\default_toggle_normal.png"
  },
  "c25b9d50-c8fc-4d27-beeb-6e7c1f2e5c0f": {
    "asset": 1670135539572,
    "meta": 1670241816245,
    "relativePath": "image\\default_toggle_disabled.png"
  },
  "b181c1e4-0a72-4a91-bfb0-ae6f36ca60bd": {
    "asset": 1670135539582,
    "meta": 1670241816270,
    "relativePath": "image\\default_toggle_pressed.png"
  },
  "5c3eedba-6c41-4c0c-9ba7-d91f813cbd1c": {
    "asset": 1670135539597,
    "meta": 1670241816274,
    "relativePath": "materials"
  },
  "600301aa-3357-4a10-b086-84f011fa32ba": {
    "asset": 1670135539466,
    "meta": 1670241816279,
    "relativePath": "image\\default-particle.png"
  },
  "fc09f9bd-2cce-4605-b630-8145ef809ed6": {
    "asset": 1670135539622,
    "meta": 1670241816281,
    "relativePath": "misc"
  },
  "c4480a0a-6ac5-443f-8b40-361a14257fc8": {
    "asset": 1670135539597,
    "meta": 1670241817514,
    "relativePath": "materials\\builtin-phong.mtl"
  },
  "db019bf7-f71c-4111-98cf-918ea180cb48": {
    "asset": 1670135539693,
    "meta": 1670241816287,
    "relativePath": "model"
  },
  "e39e96e6-6f6e-413f-bcf1-ac7679bb648a": {
    "asset": 1670135539684,
    "meta": 1670241816289,
    "relativePath": "model\\prefab"
  },
  "a87cc147-01b2-43f8-8e42-a7ca90b0c757": {
    "asset": 1670241816296,
    "meta": 1670241816299,
    "relativePath": "model\\prefab\\box.prefab"
  },
  "fe1417b6-fe6b-46a4-ae7c-9fd331f33a2a": {
    "asset": 1670241816302,
    "meta": 1670241816304,
    "relativePath": "model\\prefab\\capsule.prefab"
  },
  "2be36297-9abb-4fee-8049-9ed5e271da8a": {
    "asset": 1670135539617,
    "meta": 1670241816311,
    "relativePath": "misc\\default_video.mp4"
  },
  "b5fc2cf2-7942-483d-be1f-bbeadc4714ad": {
    "asset": 1670241816317,
    "meta": 1670241816318,
    "relativePath": "model\\prefab\\cone.prefab"
  },
  "1c5e4038-953a-44c2-b620-0bbfc6170477": {
    "asset": 1670241816323,
    "meta": 1670241816325,
    "relativePath": "model\\prefab\\cylinder.prefab"
  },
  "6c9ef10d-b479-420b-bfe6-39cdda6a8ae0": {
    "asset": 1670241816329,
    "meta": 1670241816331,
    "relativePath": "model\\prefab\\quad.prefab"
  },
  "3f376125-a699-40ca-ad05-04d662eaa1f2": {
    "asset": 1670241816335,
    "meta": 1670241816337,
    "relativePath": "model\\prefab\\plane.prefab"
  },
  "2d9a4b85-b0ab-4c46-84c5-18f393ab2058": {
    "asset": 1670241816342,
    "meta": 1670241816345,
    "relativePath": "model\\prefab\\sphere.prefab"
  },
  "de510076-056b-484f-b94c-83bef217d0e1": {
    "asset": 1670241816443,
    "meta": 1670241816445,
    "relativePath": "model\\prefab\\torus.prefab"
  },
  "f6e6dd15-71d1-4ffe-ace7-24fd39942c05": {
    "asset": 1670135539708,
    "meta": 1670241816447,
    "relativePath": "obsolete"
  },
  "8a96b965-2dc0-4e03-aa90-3b79cb93b5b4": {
    "asset": 1670135539703,
    "meta": 1670241816468,
    "relativePath": "obsolete\\atom.png"
  },
  "f743d2b6-b7ea-4c14-a55b-547ed4d0a045": {
    "asset": 1670135539730,
    "meta": 1670241816471,
    "relativePath": "particle"
  },
  "b8223619-7e38-47c4-841f-9160c232495a": {
    "asset": 1670135539699,
    "meta": 1670241817558,
    "relativePath": "obsolete\\atom.plist"
  },
  "d0a82d39-bede-46c4-b698-c81ff0dedfff": {
    "asset": 1670135539729,
    "meta": 1670241816498,
    "relativePath": "particle\\atom.png"
  },
  "ae6c6c98-11e4-452f-8758-75f5c6a56e83": {
    "asset": 1670135539905,
    "meta": 1670241816500,
    "relativePath": "prefab"
  },
  "b2687ac4-099e-403c-a192-ff477686f4f5": {
    "asset": 1670135539725,
    "meta": 1670241817562,
    "relativePath": "particle\\atom.plist"
  },
  "897ef7a1-4860-4f64-968d-f5924b18668a": {
    "asset": 1670241816505,
    "meta": 1670241816507,
    "relativePath": "prefab\\2d-camera.prefab"
  },
  "70d7cdb0-04cd-41bb-9480-c06a4785f386": {
    "asset": 1670241816511,
    "meta": 1670241816513,
    "relativePath": "prefab\\3d-camera.prefab"
  },
  "70bbeb73-6dc2-4ee4-8faf-76b3a0e34ec4": {
    "asset": 1670241816518,
    "meta": 1670241816520,
    "relativePath": "prefab\\3d-particle.prefab"
  },
  "ed88f13d-fcad-4848-aa35-65a2cb973584": {
    "asset": 1670241816525,
    "meta": 1670241816526,
    "relativePath": "prefab\\3d-stage.prefab"
  },
  "972b9a4d-47ee-4c74-b5c3-61d8a69bc29f": {
    "asset": 1670241816535,
    "meta": 1670241816537,
    "relativePath": "prefab\\button.prefab"
  },
  "2c937608-2562-40ea-b264-7395df6f0cea": {
    "asset": 1670241816542,
    "meta": 1670241816545,
    "relativePath": "prefab\\canvas.prefab"
  },
  "61aeb05b-3b32-452b-8eed-2b76deeed554": {
    "asset": 1670241816550,
    "meta": 1670241816554,
    "relativePath": "prefab\\editbox.prefab"
  },
  "27756ebb-3d33-44b0-9b96-e858fadd4dd4": {
    "asset": 1670241816558,
    "meta": 1670241816561,
    "relativePath": "prefab\\label.prefab"
  },
  "785a442c-3ceb-45be-a46e-7317f625f3b9": {
    "asset": 1670241816568,
    "meta": 1670241816571,
    "relativePath": "prefab\\layout.prefab"
  },
  "a3ee0214-b432-4865-9666-4a3211814282": {
    "asset": 1670135539814,
    "meta": 1670241816572,
    "relativePath": "prefab\\light"
  },
  "61906da3-7003-4bda-9abc-5769c76faee4": {
    "asset": 1670241816577,
    "meta": 1670241816579,
    "relativePath": "prefab\\light\\ambient.prefab"
  },
  "ddb99b39-7004-47cd-9705-751905c43c46": {
    "asset": 1670241816582,
    "meta": 1670241816585,
    "relativePath": "prefab\\light\\directional.prefab"
  },
  "0cf30284-9073-46bc-9eba-e62b69dbbff3": {
    "asset": 1670241816589,
    "meta": 1670241816592,
    "relativePath": "prefab\\light\\point.prefab"
  },
  "f5331fd2-bf42-4ee3-a3fd-3e1657600eff": {
    "asset": 1670241816596,
    "meta": 1670241816602,
    "relativePath": "prefab\\light\\spot.prefab"
  },
  "ca8401fe-ad6e-41a8-bd46-8e3e4e9945be": {
    "asset": 1670241816610,
    "meta": 1670241816613,
    "relativePath": "prefab\\pageview.prefab"
  },
  "cd33edea-55f5-46c2-958d-357a01384a36": {
    "asset": 1670241816617,
    "meta": 1670241816620,
    "relativePath": "prefab\\particlesystem.prefab"
  },
  "5965ffac-69da-4b55-bcde-9225d0613c28": {
    "asset": 1670241816626,
    "meta": 1670241816629,
    "relativePath": "prefab\\progressBar.prefab"
  },
  "4a37dd57-78cd-4cec-aad4-f11a73d12b63": {
    "asset": 1670241816632,
    "meta": 1670241816634,
    "relativePath": "prefab\\richtext.prefab"
  },
  "32044bd2-481f-4cf1-a656-e2b2fb1594eb": {
    "asset": 1670241816639,
    "meta": 1670241816642,
    "relativePath": "prefab\\scrollview.prefab"
  },
  "0004d1cf-a0ad-47d8-ab17-34d3db9d35a3": {
    "asset": 1670241816651,
    "meta": 1670241816654,
    "relativePath": "prefab\\slider.prefab"
  },
  "1f55e3be-b89b-4b79-88de-47fd31018044": {
    "asset": 1670241816659,
    "meta": 1670241816661,
    "relativePath": "prefab\\sprite_splash.prefab"
  },
  "96083d03-c332-4a3f-9386-d03e2d19e8ee": {
    "asset": 1670241816666,
    "meta": 1670241816668,
    "relativePath": "prefab\\sprite.prefab"
  },
  "7de03a80-4457-438d-95a7-3e7cdffd6086": {
    "asset": 1670241816672,
    "meta": 1670241816674,
    "relativePath": "prefab\\tiledmap.prefab"
  },
  "0e42ba95-1fa1-46aa-b2cf-143cd1bcee2c": {
    "asset": 1670241816679,
    "meta": 1670241816681,
    "relativePath": "prefab\\tiledtile.prefab"
  },
  "0d784963-d024-4ea6-a7db-03be0ad63010": {
    "asset": 1670241816688,
    "meta": 1670241816690,
    "relativePath": "prefab\\toggle.prefab"
  },
  "bf0a434c-84dd-4a8e-a08a-7a36f180cc75": {
    "asset": 1670241816699,
    "meta": 1670241816718,
    "relativePath": "prefab\\toggleContainer.prefab"
  },
  "d1b8be49-b0a0-435c-83b7-552bed4bbe35": {
    "asset": 1670241816727,
    "meta": 1670241816731,
    "relativePath": "prefab\\toggleGroup.prefab"
  },
  "232d2782-c4bd-4bb4-9e01-909f03d6d3b9": {
    "asset": 1670241816740,
    "meta": 1670241816744,
    "relativePath": "prefab\\videoplayer.prefab"
  },
  "8c5001fd-07ee-4a4b-a8a0-63e15195e94d": {
    "asset": 1670241816749,
    "meta": 1670241816751,
    "relativePath": "prefab\\webview.prefab"
  },
  "d8afc78c-4eac-4a9f-83dd-67bc70344d33": {
    "asset": 1670135539971,
    "meta": 1670241816755,
    "relativePath": "resources"
  },
  "294c1663-4adf-4a1e-a795-53808011a38a": {
    "asset": 1670135539966,
    "meta": 1670241816758,
    "relativePath": "resources\\effects"
  },
  "30682f87-9f0d-4f17-8a44-72863791461b": {
    "asset": 1670135539916,
    "meta": 1670241816782,
    "relativePath": "resources\\effects\\builtin-2d-graphics.effect"
  },
  "144c3297-af63-49e8-b8ef-1cfa29b3be28": {
    "asset": 1670135539921,
    "meta": 1670241816801,
    "relativePath": "resources\\effects\\builtin-2d-gray-sprite.effect"
  },
  "f18742d7-56d2-4eb5-ae49-2d9d710b37c8": {
    "asset": 1670135539926,
    "meta": 1670241816832,
    "relativePath": "resources\\effects\\builtin-2d-label.effect"
  },
  "0e93aeaa-0b53-4e40-b8e0-6268b4e07bd7": {
    "asset": 1670135539931,
    "meta": 1670241816856,
    "relativePath": "resources\\effects\\builtin-2d-spine.effect"
  },
  "2874f8dd-416c-4440-81b7-555975426e93": {
    "asset": 1670135539936,
    "meta": 1670241816873,
    "relativePath": "resources\\effects\\builtin-2d-sprite.effect"
  },
  "829a282c-b049-4019-bd38-5ace8d8a6417": {
    "asset": 1670135539948,
    "meta": 1670241817019,
    "relativePath": "resources\\effects\\builtin-3d-particle.effect"
  },
  "2a7c0036-e0b3-4fe1-8998-89a54b8a2bec": {
    "asset": 1670135539956,
    "meta": 1670241817055,
    "relativePath": "resources\\effects\\builtin-3d-trail.effect"
  },
  "c0040c95-c57f-49cd-9cbc-12316b73d0d4": {
    "asset": 1670135539961,
    "meta": 1670241817068,
    "relativePath": "resources\\effects\\builtin-clear-stencil.effect"
  },
  "6d91e591-4ce0-465c-809f-610ec95019c6": {
    "asset": 1670135539966,
    "meta": 1670241817099,
    "relativePath": "resources\\effects\\builtin-unlit.effect"
  },
  "bbee2217-c261-49bd-a8ce-708d6bcc3500": {
    "asset": 1670135540027,
    "meta": 1670241817103,
    "relativePath": "resources\\materials"
  },
  "6f801092-0c37-4f30-89ef-c8d960825b36": {
    "asset": 1670135539971,
    "meta": 1670241817615,
    "relativePath": "resources\\materials\\builtin-2d-base.mtl"
  },
  "a153945d-2511-4c14-be7b-05d242f47d57": {
    "asset": 1670135539981,
    "meta": 1670241817617,
    "relativePath": "resources\\materials\\builtin-2d-graphics.mtl"
  },
  "3a7bb79f-32fd-422e-ada2-96f518fed422": {
    "asset": 1670135539986,
    "meta": 1670241817618,
    "relativePath": "resources\\materials\\builtin-2d-gray-sprite.mtl"
  },
  "e02d87d4-e599-4d16-8001-e14891ac6506": {
    "asset": 1670135539998,
    "meta": 1670241817620,
    "relativePath": "resources\\materials\\builtin-2d-label.mtl"
  },
  "7afd064b-113f-480e-b793-8817d19f63c3": {
    "asset": 1670135540002,
    "meta": 1670241817622,
    "relativePath": "resources\\materials\\builtin-2d-spine.mtl"
  },
  "eca5d2f2-8ef6-41c2-bbe6-f9c79d09c432": {
    "asset": 1670135540002,
    "meta": 1670241817624,
    "relativePath": "resources\\materials\\builtin-2d-sprite.mtl"
  },
  "432fa09c-cf03-4cff-a186-982604408a07": {
    "asset": 1670135540012,
    "meta": 1670241817627,
    "relativePath": "resources\\materials\\builtin-3d-particle.mtl"
  },
  "466d4f9b-e5f4-4ea8-85d5-3c6e9a65658a": {
    "asset": 1670135540012,
    "meta": 1670241817628,
    "relativePath": "resources\\materials\\builtin-3d-trail.mtl"
  },
  "cf7e0bb8-a81c-44a9-ad79-d28d43991032": {
    "asset": 1670135540017,
    "meta": 1670241817629,
    "relativePath": "resources\\materials\\builtin-clear-stencil.mtl"
  },
  "2a296057-247c-4a1c-bbeb-0548b6c98650": {
    "asset": 1670135540027,
    "meta": 1670241817632,
    "relativePath": "resources\\materials\\builtin-unlit.mtl"
  },
  "954fec8b-cd16-4bb9-a3b7-7719660e7558": {
    "asset": 1670135539693,
    "meta": 1670241821190,
    "relativePath": "model\\primitives.fbx"
  },
  "bbe15f26-c24e-4b49-9195-7e530214a342": {
    "asset": 1670676007513,
    "meta": 1670677103707,
    "relativePath": "Scripts"
  },
  "775bf850-b5b5-493a-b207-9fe45c8b2303": {
    "asset": 1670667315942,
    "meta": 1670670186317,
    "relativePath": "resoures"
  },
  "e66472d7-9c72-4270-8255-03fb58a0097e": {
    "asset": 1670508996131,
    "meta": 1670508996189,
    "relativePath": "resoures\\coward.jpg"
  },
  "2704bb51-2a3d-4aa6-8822-85faadbcd944": {
    "asset": 1670511104764,
    "meta": 1670511104856,
    "relativePath": "resoures\\text.jpg"
  },
  "6eb37f43-c867-4e29-b2b1-9cdb9178a498": {
    "asset": 1670551153980,
    "meta": 1670551158684,
    "relativePath": "Scripts\\message.ts"
  },
  "f688a75f-4709-481b-90f8-dc1ec1bc705b": {
    "asset": 1670677934460,
    "meta": 1670677934490,
    "relativePath": "act\\scen1.fire"
  },
  "2fec55bf-9c7e-43fb-a2d2-7a1e1816e652": {
    "asset": 1670667310795,
    "meta": 1670667310824,
    "relativePath": "act\\scen2.fire"
  },
  "acc8c771-6e17-415c-9b75-870da694740e": {
    "asset": 1670668308101,
    "meta": 1670668308106,
    "relativePath": "act\\scen3.fire"
  },
  "77a9132a-68d8-4566-a4c5-cccacd54b7b2": {
    "asset": 1670668323314,
    "meta": 1670668323322,
    "relativePath": "act\\scen4.fire"
  },
  "53e01d0d-9352-4543-9a82-7fb98904f43d": {
    "asset": 1670668371886,
    "meta": 1670668371893,
    "relativePath": "act\\scen5.fire"
  },
  "1e8433c3-96f3-40a2-89e9-1f98de0a0d56": {
    "asset": 1670559129762,
    "meta": 1670559138631,
    "relativePath": "resoures\\door1.png"
  },
  "058ba95b-946e-4a89-a714-e606cf8fd096": {
    "asset": 1670668266139,
    "meta": 1670668266145,
    "relativePath": "act\\coward.fire"
  },
  "3da1b00c-ebf7-4d33-94be-2827cdc20fc6": {
    "asset": 1670566221161,
    "meta": 1670566272957,
    "relativePath": "resoures\\door.png"
  },
  "47370922-9913-4a78-af3e-8ae6804d4d7f": {
    "asset": 1670566225175,
    "meta": 1670566302940,
    "relativePath": "resoures\\elevator.png"
  },
  "ef6bd5e2-3ed2-4825-94f6-eaa740b8ef29": {
    "asset": 1670566230291,
    "meta": 1670569703088,
    "relativePath": "resoures\\door2.png"
  },
  "2cdd4af0-5d35-4277-a01a-3bf0a06205e9": {
    "asset": 1670566233020,
    "meta": 1670566544745,
    "relativePath": "resoures\\dairy.png"
  },
  "0a7ab371-261c-475b-9e82-ea8079430cfa": {
    "asset": 1670566236449,
    "meta": 1670569459141,
    "relativePath": "resoures\\box.png"
  },
  "3984f159-eb0b-4eb3-9fea-e14146cb5511": {
    "asset": 1670566239925,
    "meta": 1670569749714,
    "relativePath": "resoures\\dairy_text.png"
  },
  "be392907-4dee-4513-9bff-f055b4466234": {
    "asset": 1670677728576,
    "meta": 1670677728616,
    "relativePath": "act\\button.fire"
  },
  "6e298e1e-41be-4744-8a97-5d92ab536d05": {
    "asset": 1670673915405,
    "meta": 1670673915417,
    "relativePath": "act\\choice.fire"
  },
  "f8f0f132-a422-4cf6-ab8b-b57b24f7def2": {
    "asset": 1670574945733,
    "meta": 1670575047032,
    "relativePath": "resoures\\last.png"
  },
  "246d85da-d650-43aa-853f-0549a0cc415e": {
    "asset": 1670575107228,
    "meta": 1670575166765,
    "relativePath": "resoures\\phone.png"
  },
  "ac1584d9-99e9-49e0-812a-a4ed12a0accd": {
    "asset": 1670673778555,
    "meta": 1670673778572,
    "relativePath": "act\\canoon.fire"
  },
  "591e5c89-34bc-4f45-b980-4324d4ff658a": {
    "asset": 1670577849125,
    "meta": 1670577849236,
    "relativePath": "resoures\\zoulang .jpg"
  },
  "b2161fe3-760d-4851-a810-88a88d7e0658": {
    "asset": 1670578220091,
    "meta": 1670578220914,
    "relativePath": "resoures\\卡农_开端(1).mp3"
  },
  "b537d09c-9a60-4fdc-9355-b61b7b770d97": {
    "asset": 1670628774528,
    "meta": 1670629098545,
    "relativePath": "Scripts\\b.ts"
  },
  "e14c87b2-ab41-4c71-818e-00656557ccf8": {
    "asset": 1670638206804,
    "meta": 1670638270980,
    "relativePath": "Scripts\\jump_button.ts"
  },
  "76d1acda-99ba-453b-b4a8-84770f6a3af0": {
    "asset": 1670638970588,
    "meta": 1670639229100,
    "relativePath": "Scripts\\textbox.ts"
  },
  "a033da57-4499-4cd8-a541-423352738e76": {
    "asset": 1670639696228,
    "meta": 1670639738191,
    "relativePath": "Scripts\\textbox4.ts"
  },
  "feaf9c1e-f9d7-4f9b-9057-8cd064a4756d": {
    "asset": 1670640219944,
    "meta": 1670640315665,
    "relativePath": "Scripts\\lingjian.ts"
  },
  "cfe5fc2a-61cd-42a2-aec2-43e79d7ead2e": {
    "asset": 1670640995053,
    "meta": 1670641136644,
    "relativePath": "Scripts\\jump_choice.ts"
  },
  "f7c724d9-2ecb-4bd6-836e-26d826f7e627": {
    "asset": 1670675118235,
    "meta": 1670675118257,
    "relativePath": "act\\dairy_text.fire"
  },
  "23400fed-a849-43b6-bff2-9debf60accff": {
    "asset": 1670674026534,
    "meta": 1670674026551,
    "relativePath": "act\\lingjian.fire"
  },
  "ac8e96fa-8894-4cdf-9f32-c5ce10612485": {
    "asset": 1670658236721,
    "meta": 1670658238789,
    "relativePath": "Scripts\\jump_lingjian.ts"
  },
  "85f2d1fd-1ef8-4971-ac01-31e75d9cba93": {
    "asset": 1670660449650,
    "meta": 1670660551641,
    "relativePath": "Scripts\\coward.ts"
  },
  "18b5a30c-8ab6-424d-90b3-83cf5f880028": {
    "asset": 1670660506072,
    "meta": 1670660551681,
    "relativePath": "Scripts\\door.ts"
  },
  "5386be48-f909-4837-91e6-852dd8f97beb": {
    "asset": 1670660503668,
    "meta": 1670660551694,
    "relativePath": "Scripts\\elevator.ts"
  },
  "bc4d8e03-a9fb-4eee-a3f9-41a90c95b186": {
    "asset": 1670660566099,
    "meta": 1670660569514,
    "relativePath": "Scripts\\textbox2.ts"
  },
  "598d444f-6b67-4e9c-9563-06817e07b202": {
    "asset": 1670660560774,
    "meta": 1670660569577,
    "relativePath": "Scripts\\textbox5.ts"
  },
  "c116e80b-97dd-4ab5-9b68-5670772b4763": {
    "asset": 1670660760609,
    "meta": 1670660767311,
    "relativePath": "Scripts\\classdoor.ts"
  },
  "45c9142c-539e-4b77-93da-d6d9e2a06a07": {
    "asset": 1670667166788,
    "meta": 1670667166808,
    "relativePath": "resoures\\汉仪风波小木屋.ttf"
  },
  "08d19fbb-6c9c-4f23-93fc-315a98590844": {
    "asset": 1670668132609,
    "meta": 1670668143539,
    "relativePath": "Scripts\\a.ts"
  },
  "219d4fdf-2f49-4102-a647-f316ebfdc56e": {
    "asset": 1670668135660,
    "meta": 1670668143553,
    "relativePath": "Scripts\\box.ts"
  },
  "2d8958f8-157e-4931-9637-e449b85485b4": {
    "asset": 1670668138175,
    "meta": 1670668143610,
    "relativePath": "Scripts\\canoon.ts"
  },
  "471ec963-4b04-408a-8b75-385d267acedd": {
    "asset": 1670671770611,
    "meta": 1670677103699,
    "relativePath": "act"
  },
  "2290ab31-1061-4e21-9d0a-1a3ff0376f92": {
    "asset": 1670676706363,
    "meta": 1670676745427,
    "relativePath": "Scripts\\NewScript.js"
  },
  "f6f2f1e3-8ed9-49e0-b747-c14ea29f1a15": {
    "asset": 1670677957230,
    "meta": 1670678017217,
    "relativePath": "Scripts\\textbox3.ts"
  }
}