{
  "title": "shootTarget",
  "packageName": "org.cocos2d.demo",
  "startScene": "2b274195-af8c-4918-88cd-da4f09462041",
  "excludeScenes": [],
  "includeSDKBox": false,
  "orientation": {
    "landscapeLeft": true,
    "landscapeRight": true,
    "portrait": false,
    "upsideDown": false
  },
  "webOrientation": "landscape",
  "inlineSpriteFrames": true,
  "inlineSpriteFrames_native": true,
  "mergeStartScene": false,
  "optimizeHotUpdate": false,
  "md5Cache": true,
  "encryptJs": true,
  "xxteaKey": "2ab804df-f73a-43",
  "zipCompressJs": true,
  "fb-instant-games": {},
  "android": {
    "packageName": "org.cocos2d.demo"
  },
  "ios": {
    "packageName": "org.cocos2d.demo"
  },
  "mac": {
    "packageName": "org.cocos2d.demo"
  },
  "win32": {},
  "android-instant": {
    "REMOTE_SERVER_ROOT": "",
    "host": "",
    "packageName": "org.cocos2d.demo",
    "pathPattern": "",
    "recordPath": "",
    "scheme": "https",
    "skipRecord": false
  },
  "appBundle": false
  
}
