[{"__type__":"cc.SpriteFrame","content":{"name":"default_btn_disabled","texture":"71VhFCTINJM6/Ky3oX9nBT","rect":[0,0,40,40],"offset":[0,0],"originalSize":[40,40],"capInsets":[12,12,12,12]}},{"__type__":"cc.SpriteFrame","content":{"name":"phone","texture":"24bYXa1lBDqoU/BUmgzEFe","rect":[0,0,3986,2244],"offset":[0,0],"originalSize":[3986,2244],"capInsets":[0,0,0,0]}},[{"__type__":"cc.SceneAsset","_name":"choice","scene":{"__id__":1},"asyncLoadAssets":null},{"__type__":"cc.Scene","_name":"New Node","_children":[{"__id__":2},{"__id__":4}],"_anchorPoint":{"__type__":"cc.Vec2"},"_trs":{"__type__":"TypedArray","ctor":"Float64Array","array":[0,0,0,0,0,0,1,1,1,1]}},{"__type__":"cc.Node","_name":"Canvas","_parent":{"__id__":1},"_children":[{"__id__":3}],"_components":[{"__type__":"cc.Canvas","node":{"__id__":2},"_designResolution":{"__type__":"cc.Size","width":1918,"height":1080}},{"__type__":"cc.Widget","node":{"__id__":2},"_alignFlags":45}],"_contentSize":{"__type__":"cc.Size","width":1918,"height":1080},"_trs":{"__type__":"TypedArray","ctor":"Float64Array","array":[959,540,0,0,0,0,1,1,1,1]},"_id":"95SERYOtBIT46EbM22wmI/"},{"__type__":"cc.Node","_name":"Main Camera","_parent":{"__id__":2},"_components":[{"__type__":"cc.Camera","node":{"__id__":3},"_clearFlags":7,"_depth":-1}],"_trs":{"__type__":"TypedArray","ctor":"Float64Array","array":[0,0,341.3493255604102,0,0,0,1,1,1,1]}},{"__type__":"cc.Node","_name":"phone","_parent":{"__id__":1},"_children":[{"__id__":5},{"__id__":8}],"_components":[{"__type__":"cc.Sprite","node":{"__id__":4},"_materials":[{"__uuid__":"ecpdLyjvZBwrvm+cedCcQy"}],"_spriteFrame":{"__uuid__":"47Rms+z5RKyZ5JZ9sW+KGJ"},"_sizeMode":0}],"_contentSize":{"__type__":"cc.Size","width":1918,"height":1080},"_anchorPoint":{"__type__":"cc.Vec2"},"_trs":{"__type__":"TypedArray","ctor":"Float64Array","array":[0,0,0,0,0,0,1,1,1,1]},"_id":"530/I0jv9LdLw4jIT5+ypa"},{"__type__":"cc.Node","_name":"a","_parent":{"__id__":4},"_children":[{"__id__":6}],"_components":[{"__type__":"cc.Button","node":{"__id__":5},"clickEvents":[{"__type__":"cc.ClickEvent","target":{"__id__":5},"_componentId":"08d19+7bJxPI5P8MVqYWQhE","handler":"test"}],"_N$transition":2,"transition":2,"_N$normalColor":{"__type__":"cc.Color","r":230,"g":230,"b":230},"_N$pressedColor":{"__type__":"cc.Color","r":200,"g":200,"b":200},"pressedColor":{"__type__":"cc.Color","r":200,"g":200,"b":200},"_N$disabledColor":{"__type__":"cc.Color","r":120,"g":120,"b":120,"a":200},"_N$normalSprite":{"__uuid__":"83D2hPFhxDEpb1yVEIs7fT"},"_N$pressedSprite":{"__uuid__":"83D2hPFhxDEpb1yVEIs7fT"},"pressedSprite":{"__uuid__":"83D2hPFhxDEpb1yVEIs7fT"},"_N$hoverSprite":{"__uuid__":"f0BIwQ8D5Ml7nTNQbh1YlS"},"hoverSprite":{"__uuid__":"f0BIwQ8D5Ml7nTNQbh1YlS"},"_N$disabledSprite":{"__uuid__":"29FYIk+N1GYaeWH/q1NxQO"},"_N$target":{"__id__":6}},{"__type__":"08d19+7bJxPI5P8MVqYWQhE","node":{"__id__":5}}],"_contentSize":{"__type__":"cc.Size","width":179,"height":58},"_trs":{"__type__":"TypedArray","ctor":"Float64Array","array":[946.921,500.842,0,0,0,0,1,2.224,2.224,2.224]}},{"__type__":"cc.Node","_name":"Background","_objFlags":512,"_parent":{"__id__":5},"_children":[{"__id__":7}],"_components":[{"__type__":"cc.Sprite","node":{"__id__":6},"_materials":[{"__uuid__":"ecpdLyjvZBwrvm+cedCcQy"}],"_spriteFrame":{"__uuid__":"83D2hPFhxDEpb1yVEIs7fT"},"_type":1,"_sizeMode":0},{"__type__":"cc.Widget","node":{"__id__":6},"alignMode":0,"_alignFlags":45,"_originalWidth":100,"_originalHeight":40}],"_contentSize":{"__type__":"cc.Size","width":179,"height":58},"_trs":{"__type__":"TypedArray","ctor":"Float64Array","array":[0,0,0,0,0,0,1,1,1,1]}},{"__type__":"cc.Node","_name":"Label","_objFlags":512,"_parent":{"__id__":6},"_components":[{"__type__":"cc.Label","node":{"__id__":7},"_materials":[{"__uuid__":"ecpdLyjvZBwrvm+cedCcQy"}],"_useOriginalSize":false,"_string":"拿出手机查看","_N$string":"拿出手机查看","_fontSize":27,"_enableWrapText":false,"_N$file":{"__uuid__":"45yRQsU55Ld5Pa1tnioGoH"},"_isSystemFontUsed":false,"_N$horizontalAlign":1,"_N$verticalAlign":1,"_N$cacheMode":1}],"_color":{"__type__":"cc.Color","r":246,"g":242,"b":242},"_contentSize":{"__type__":"cc.Size","width":162,"height":50.4},"_trs":{"__type__":"TypedArray","ctor":"Float64Array","array":[0,0,0,0,0,0,1,1,1,1]}},{"__type__":"cc.Node","_name":"b","_parent":{"__id__":4},"_children":[{"__id__":9}],"_components":[{"__type__":"cc.Button","node":{"__id__":8},"clickEvents":[{"__type__":"cc.ClickEvent","target":{"__id__":8},"_componentId":"b537dCcmmBP3JNVtht7dw2X","handler":"test"}],"_N$transition":2,"transition":2,"_N$normalColor":{"__type__":"cc.Color","r":230,"g":230,"b":230},"_N$pressedColor":{"__type__":"cc.Color","r":200,"g":200,"b":200},"pressedColor":{"__type__":"cc.Color","r":200,"g":200,"b":200},"_N$disabledColor":{"__type__":"cc.Color","r":120,"g":120,"b":120,"a":200},"_N$normalSprite":{"__uuid__":"83D2hPFhxDEpb1yVEIs7fT"},"_N$pressedSprite":{"__uuid__":"83D2hPFhxDEpb1yVEIs7fT"},"pressedSprite":{"__uuid__":"83D2hPFhxDEpb1yVEIs7fT"},"_N$hoverSprite":{"__uuid__":"83D2hPFhxDEpb1yVEIs7fT"},"hoverSprite":{"__uuid__":"83D2hPFhxDEpb1yVEIs7fT"},"_N$disabledSprite":{"__uuid__":"83D2hPFhxDEpb1yVEIs7fT"},"_N$target":{"__id__":9}},{"__type__":"b537dCcmmBP3JNVtht7dw2X","node":{"__id__":8}}],"_color":{"__type__":"cc.Color","r":205,"g":181,"b":181},"_contentSize":{"__type__":"cc.Size","width":179,"height":58},"_trs":{"__type__":"TypedArray","ctor":"Float64Array","array":[946.15,289.235,0,0,0,0,1,2.224,2.224,2.224]}},{"__type__":"cc.Node","_name":"Background","_objFlags":512,"_parent":{"__id__":8},"_children":[{"__id__":10}],"_components":[{"__type__":"cc.Sprite","node":{"__id__":9},"_materials":[{"__uuid__":"ecpdLyjvZBwrvm+cedCcQy"}],"_spriteFrame":{"__uuid__":"83D2hPFhxDEpb1yVEIs7fT"},"_type":1,"_sizeMode":0},{"__type__":"cc.Widget","node":{"__id__":9},"alignMode":0,"_alignFlags":45,"_originalWidth":100,"_originalHeight":40}],"_contentSize":{"__type__":"cc.Size","width":179,"height":58},"_trs":{"__type__":"TypedArray","ctor":"Float64Array","array":[0,0,0,0,0,0,1,1,1,1]}},{"__type__":"cc.Node","_name":"Label","_objFlags":512,"_parent":{"__id__":9},"_components":[{"__type__":"cc.Label","node":{"__id__":10},"_materials":[{"__uuid__":"ecpdLyjvZBwrvm+cedCcQy"}],"_useOriginalSize":false,"_string":"扔掉手机","_N$string":"扔掉手机","_fontSize":27,"_enableWrapText":false,"_N$file":{"__uuid__":"45yRQsU55Ld5Pa1tnioGoH"},"_isSystemFontUsed":false,"_N$horizontalAlign":1,"_N$verticalAlign":1,"_N$cacheMode":1}],"_color":{"__type__":"cc.Color","r":255,"g":247,"b":247},"_contentSize":{"__type__":"cc.Size","width":108,"height":50.4},"_trs":{"__type__":"TypedArray","ctor":"Float64Array","array":[0,0,0,0,0,0,1,1,1,1]}}],{"__type__":"cc.SpriteFrame","content":{"name":"text","texture":"27BLtRKj1KpogihfqtvNlE","rect":[0,0,618,166],"offset":[0,0],"originalSize":[618,166],"capInsets":[0,0,0,0]}},{"__type__":"cc.SpriteFrame","content":{"name":"default_btn_normal","texture":"e8Ueib+qJEhL6mXAHdnwbi","rect":[0,0,40,40],"offset":[0,0],"originalSize":[40,40],"capInsets":[12,12,12,12]}}]