{
  "9836134e-b892-4283-b6b2-78b5acf3ed45": {
    "asset": 1669891508026,
    "meta": 1670639406800,
    "relativePath": "effects"
  },
  "f8e6b000-5643-4b86-9080-aa680ce1f599": {
    "asset": 1669891508076,
    "meta": 1670639407078,
    "relativePath": "image"
  },
  "5c3eedba-6c41-4c0c-9ba7-d91f813cbd1c": {
    "asset": 1669891508079,
    "meta": 1670639407235,
    "relativePath": "materials"
  },
  "fc09f9bd-2cce-4605-b630-8145ef809ed6": {
    "asset": 1669891508085,
    "meta": 1670639407241,
    "relativePath": "misc"
  },
  "db019bf7-f71c-4111-98cf-918ea180cb48": {
    "asset": 1669891508111,
    "meta": 1670639407246,
    "relativePath": "model"
  },
  "e39e96e6-6f6e-413f-bcf1-ac7679bb648a": {
    "asset": 1669891508107,
    "meta": 1670639407248,
    "relativePath": "model\\prefab"
  },
  "f6e6dd15-71d1-4ffe-ace7-24fd39942c05": {
    "asset": 1669891508117,
    "meta": 1670639407303,
    "relativePath": "obsolete"
  },
  "f743d2b6-b7ea-4c14-a55b-547ed4d0a045": {
    "asset": 1669891508122,
    "meta": 1670639407324,
    "relativePath": "particle"
  },
  "ae6c6c98-11e4-452f-8758-75f5c6a56e83": {
    "asset": 1669891508180,
    "meta": 1670639407344,
    "relativePath": "prefab"
  },
  "a3ee0214-b432-4865-9666-4a3211814282": {
    "asset": 1669891508150,
    "meta": 1670639407392,
    "relativePath": "prefab\\light"
  },
  "d8afc78c-4eac-4a9f-83dd-67bc70344d33": {
    "asset": 1669891508203,
    "meta": 1670639407566,
    "relativePath": "resources"
  },
  "294c1663-4adf-4a1e-a795-53808011a38a": {
    "asset": 1669891508202,
    "meta": 1670639407568,
    "relativePath": "resources\\effects"
  },
  "bbee2217-c261-49bd-a8ce-708d6bcc3500": {
    "asset": 1669891508223,
    "meta": 1670639407881,
    "relativePath": "resources\\materials"
  },
  "cf028aa5-e091-4f57-933b-0b43bd3c469f": {
    "asset": 1670592147472,
    "meta": 1670593017233,
    "relativePath": "Script"
  },
  "0d970de3-e119-4950-b17e-d33d541cb2b9": {
    "asset": 1670577799804,
    "meta": 1670577917785,
    "relativePath": "Scene"
  },
  "2b274195-af8c-4918-88cd-da4f09462041": {
    "asset": 1670639680380,
    "meta": 1670639680388,
    "relativePath": "Scene\\Gamey.fire"
  },
  "8b566641-35c6-4ed7-898f-3409b056d482": {
    "asset": 1670592456138,
    "meta": 1670593017235,
    "relativePath": "Texture"
  },
  "433f01d9-662a-4cf2-8e72-b9bfe29833ea": {
    "asset": 1670587938828,
    "meta": 1670593017231,
    "relativePath": "Prefab"
  },
  "430eccbf-bf2c-4e6e-8c0c-884bbb487f32": {
    "asset": 1669891508017,
    "meta": 1670639406841,
    "relativePath": "effects\\__builtin-editor-gizmo-line.effect"
  },
  "6c5cf6e1-b044-4eac-9431-835644d57381": {
    "asset": 1669891508023,
    "meta": 1670639406861,
    "relativePath": "effects\\__builtin-editor-gizmo-unlit.effect"
  },
  "115286d1-2e10-49ee-aab4-341583f607e8": {
    "asset": 1669891508026,
    "meta": 1670639406902,
    "relativePath": "effects\\__builtin-editor-gizmo.effect"
  },
  "abc2cb62-7852-4525-a90d-d474487b88f2": {
    "asset": 1669891508009,
    "meta": 1670639407008,
    "relativePath": "effects\\builtin-phong.effect"
  },
  "e2f00085-c597-422d-9759-52c360279106": {
    "asset": 1669891508013,
    "meta": 1670639407076,
    "relativePath": "effects\\builtin-toon.effect"
  },
  "71561142-4c83-4933-afca-cb7a17f67053": {
    "asset": 1669891508031,
    "meta": 1670639407102,
    "relativePath": "image\\default_btn_disabled.png"
  },
  "e851e89b-faa2-4484-bea6-5c01dd9f06e2": {
    "asset": 1669891508033,
    "meta": 1670639407100,
    "relativePath": "image\\default_btn_normal.png"
  },
  "b43ff3c2-02bb-4874-81f7-f2dea6970f18": {
    "asset": 1669891508034,
    "meta": 1670639407112,
    "relativePath": "image\\default_btn_pressed.png"
  },
  "edd215b9-2796-4a05-aaf5-81f96c9281ce": {
    "asset": 1669891508036,
    "meta": 1670639407114,
    "relativePath": "image\\default_editbox_bg.png"
  },
  "d81ec8ad-247c-4e62-aa3c-d35c4193c7af": {
    "asset": 1669891508044,
    "meta": 1670639407125,
    "relativePath": "image\\default_panel.png"
  },
  "99170b0b-d210-46f1-b213-7d9e3f23098a": {
    "asset": 1669891508048,
    "meta": 1670639407127,
    "relativePath": "image\\default_progressbar_bg.png"
  },
  "567dcd80-8bf4-4535-8a5a-313f1caf078a": {
    "asset": 1669891508050,
    "meta": 1670639407139,
    "relativePath": "image\\default_radio_button_off.png"
  },
  "cfef78f1-c8df-49b7-8ed0-4c953ace2621": {
    "asset": 1669891508046,
    "meta": 1670639407137,
    "relativePath": "image\\default_progressbar.png"
  },
  "9d60001f-b5f4-4726-a629-2659e3ded0b8": {
    "asset": 1669891508055,
    "meta": 1670639407150,
    "relativePath": "image\\default_radio_button_on.png"
  },
  "4bab67cb-18e6-4099-b840-355f0473f890": {
    "asset": 1669891508059,
    "meta": 1670639407152,
    "relativePath": "image\\default_scrollbar_bg.png"
  },
  "d6d3ca85-4681-47c1-b5dd-d036a9d39ea2": {
    "asset": 1669891508060,
    "meta": 1670639407164,
    "relativePath": "image\\default_scrollbar_vertical.png"
  },
  "617323dd-11f4-4dd3-8eec-0caf6b3b45b9": {
    "asset": 1669891508062,
    "meta": 1670639407162,
    "relativePath": "image\\default_scrollbar_vertical_bg.png"
  },
  "0291c134-b3da-4098-b7b5-e397edbe947f": {
    "asset": 1669891508057,
    "meta": 1670639407175,
    "relativePath": "image\\default_scrollbar.png"
  },
  "0275e94c-56a7-410f-bd1a-fc7483f7d14a": {
    "asset": 1669891508067,
    "meta": 1670639407177,
    "relativePath": "image\\default_sprite_splash.png"
  },
  "6e056173-d285-473c-b206-40a7fff5386e": {
    "asset": 1669891508065,
    "meta": 1670639407192,
    "relativePath": "image\\default_sprite.png"
  },
  "73a0903d-d80e-4e3c-aa67-f999543c08f5": {
    "asset": 1669891508069,
    "meta": 1670639407195,
    "relativePath": "image\\default_toggle_checkmark.png"
  },
  "d29077ba-1627-4a72-9579-7b56a235340c": {
    "asset": 1669891508073,
    "meta": 1670639407219,
    "relativePath": "image\\default_toggle_normal.png"
  },
  "c25b9d50-c8fc-4d27-beeb-6e7c1f2e5c0f": {
    "asset": 1669891508071,
    "meta": 1670639407222,
    "relativePath": "image\\default_toggle_disabled.png"
  },
  "b181c1e4-0a72-4a91-bfb0-ae6f36ca60bd": {
    "asset": 1669891508075,
    "meta": 1670639407233,
    "relativePath": "image\\default_toggle_pressed.png"
  },
  "c4480a0a-6ac5-443f-8b40-361a14257fc8": {
    "asset": 1669891508078,
    "meta": 1670639407950,
    "relativePath": "materials\\builtin-phong.mtl"
  },
  "600301aa-3357-4a10-b086-84f011fa32ba": {
    "asset": 1669891508029,
    "meta": 1670639407244,
    "relativePath": "image\\default-particle.png"
  },
  "a87cc147-01b2-43f8-8e42-a7ca90b0c757": {
    "asset": 1670639407251,
    "meta": 1670639407252,
    "relativePath": "model\\prefab\\box.prefab"
  },
  "fe1417b6-fe6b-46a4-ae7c-9fd331f33a2a": {
    "asset": 1670639407256,
    "meta": 1670639407258,
    "relativePath": "model\\prefab\\capsule.prefab"
  },
  "b5fc2cf2-7942-483d-be1f-bbeadc4714ad": {
    "asset": 1670639407262,
    "meta": 1670639407263,
    "relativePath": "model\\prefab\\cone.prefab"
  },
  "1c5e4038-953a-44c2-b620-0bbfc6170477": {
    "asset": 1670639407266,
    "meta": 1670639407267,
    "relativePath": "model\\prefab\\cylinder.prefab"
  },
  "3f376125-a699-40ca-ad05-04d662eaa1f2": {
    "asset": 1670639407274,
    "meta": 1670639407275,
    "relativePath": "model\\prefab\\plane.prefab"
  },
  "6c9ef10d-b479-420b-bfe6-39cdda6a8ae0": {
    "asset": 1670639407278,
    "meta": 1670639407280,
    "relativePath": "model\\prefab\\quad.prefab"
  },
  "2d9a4b85-b0ab-4c46-84c5-18f393ab2058": {
    "asset": 1670639407283,
    "meta": 1670639407285,
    "relativePath": "model\\prefab\\sphere.prefab"
  },
  "de510076-056b-484f-b94c-83bef217d0e1": {
    "asset": 1670639407299,
    "meta": 1670639407301,
    "relativePath": "model\\prefab\\torus.prefab"
  },
  "2be36297-9abb-4fee-8049-9ed5e271da8a": {
    "asset": 1669891508084,
    "meta": 1670639407270,
    "relativePath": "misc\\default_video.mp4"
  },
  "8a96b965-2dc0-4e03-aa90-3b79cb93b5b4": {
    "asset": 1669891508116,
    "meta": 1670639407321,
    "relativePath": "obsolete\\atom.png"
  },
  "b2687ac4-099e-403c-a192-ff477686f4f5": {
    "asset": 1669891508119,
    "meta": 1670639407996,
    "relativePath": "particle\\atom.plist"
  },
  "d0a82d39-bede-46c4-b698-c81ff0dedfff": {
    "asset": 1669891508121,
    "meta": 1670639407342,
    "relativePath": "particle\\atom.png"
  },
  "b8223619-7e38-47c4-841f-9160c232495a": {
    "asset": 1669891508114,
    "meta": 1670639407990,
    "relativePath": "obsolete\\atom.plist"
  },
  "897ef7a1-4860-4f64-968d-f5924b18668a": {
    "asset": 1670639407348,
    "meta": 1670639407350,
    "relativePath": "prefab\\2d-camera.prefab"
  },
  "70d7cdb0-04cd-41bb-9480-c06a4785f386": {
    "asset": 1670639407353,
    "meta": 1670639407354,
    "relativePath": "prefab\\3d-camera.prefab"
  },
  "70bbeb73-6dc2-4ee4-8faf-76b3a0e34ec4": {
    "asset": 1670639407359,
    "meta": 1670639407361,
    "relativePath": "prefab\\3d-particle.prefab"
  },
  "ed88f13d-fcad-4848-aa35-65a2cb973584": {
    "asset": 1670639407364,
    "meta": 1670639407366,
    "relativePath": "prefab\\3d-stage.prefab"
  },
  "972b9a4d-47ee-4c74-b5c3-61d8a69bc29f": {
    "asset": 1670639407370,
    "meta": 1670639407372,
    "relativePath": "prefab\\button.prefab"
  },
  "2c937608-2562-40ea-b264-7395df6f0cea": {
    "asset": 1670639407374,
    "meta": 1670639407376,
    "relativePath": "prefab\\canvas.prefab"
  },
  "61aeb05b-3b32-452b-8eed-2b76deeed554": {
    "asset": 1670639407379,
    "meta": 1670639407381,
    "relativePath": "prefab\\editbox.prefab"
  },
  "27756ebb-3d33-44b0-9b96-e858fadd4dd4": {
    "asset": 1670639407384,
    "meta": 1670639407385,
    "relativePath": "prefab\\label.prefab"
  },
  "785a442c-3ceb-45be-a46e-7317f625f3b9": {
    "asset": 1670639407389,
    "meta": 1670639407390,
    "relativePath": "prefab\\layout.prefab"
  },
  "61906da3-7003-4bda-9abc-5769c76faee4": {
    "asset": 1670639407395,
    "meta": 1670639407397,
    "relativePath": "prefab\\light\\ambient.prefab"
  },
  "ddb99b39-7004-47cd-9705-751905c43c46": {
    "asset": 1670639407399,
    "meta": 1670639407400,
    "relativePath": "prefab\\light\\directional.prefab"
  },
  "0cf30284-9073-46bc-9eba-e62b69dbbff3": {
    "asset": 1670639407403,
    "meta": 1670639407404,
    "relativePath": "prefab\\light\\point.prefab"
  },
  "f5331fd2-bf42-4ee3-a3fd-3e1657600eff": {
    "asset": 1670639407407,
    "meta": 1670639407409,
    "relativePath": "prefab\\light\\spot.prefab"
  },
  "ca8401fe-ad6e-41a8-bd46-8e3e4e9945be": {
    "asset": 1670639407412,
    "meta": 1670639407414,
    "relativePath": "prefab\\pageview.prefab"
  },
  "cd33edea-55f5-46c2-958d-357a01384a36": {
    "asset": 1670639407417,
    "meta": 1670639407419,
    "relativePath": "prefab\\particlesystem.prefab"
  },
  "5965ffac-69da-4b55-bcde-9225d0613c28": {
    "asset": 1670639407421,
    "meta": 1670639407423,
    "relativePath": "prefab\\progressBar.prefab"
  },
  "4a37dd57-78cd-4cec-aad4-f11a73d12b63": {
    "asset": 1670639407434,
    "meta": 1670639407436,
    "relativePath": "prefab\\richtext.prefab"
  },
  "32044bd2-481f-4cf1-a656-e2b2fb1594eb": {
    "asset": 1670639407439,
    "meta": 1670639407441,
    "relativePath": "prefab\\scrollview.prefab"
  },
  "0004d1cf-a0ad-47d8-ab17-34d3db9d35a3": {
    "asset": 1670639407444,
    "meta": 1670639407445,
    "relativePath": "prefab\\slider.prefab"
  },
  "1f55e3be-b89b-4b79-88de-47fd31018044": {
    "asset": 1670639407449,
    "meta": 1670639407450,
    "relativePath": "prefab\\sprite_splash.prefab"
  },
  "96083d03-c332-4a3f-9386-d03e2d19e8ee": {
    "asset": 1670639407453,
    "meta": 1670639407454,
    "relativePath": "prefab\\sprite.prefab"
  },
  "7de03a80-4457-438d-95a7-3e7cdffd6086": {
    "asset": 1670639407470,
    "meta": 1670639407471,
    "relativePath": "prefab\\tiledmap.prefab"
  },
  "0e42ba95-1fa1-46aa-b2cf-143cd1bcee2c": {
    "asset": 1670639407474,
    "meta": 1670639407476,
    "relativePath": "prefab\\tiledtile.prefab"
  },
  "0d784963-d024-4ea6-a7db-03be0ad63010": {
    "asset": 1670639407499,
    "meta": 1670639407500,
    "relativePath": "prefab\\toggle.prefab"
  },
  "bf0a434c-84dd-4a8e-a08a-7a36f180cc75": {
    "asset": 1670639407506,
    "meta": 1670639407508,
    "relativePath": "prefab\\toggleContainer.prefab"
  },
  "d1b8be49-b0a0-435c-83b7-552bed4bbe35": {
    "asset": 1670639407521,
    "meta": 1670639407523,
    "relativePath": "prefab\\toggleGroup.prefab"
  },
  "232d2782-c4bd-4bb4-9e01-909f03d6d3b9": {
    "asset": 1670639407549,
    "meta": 1670639407551,
    "relativePath": "prefab\\videoplayer.prefab"
  },
  "8c5001fd-07ee-4a4b-a8a0-63e15195e94d": {
    "asset": 1670639407561,
    "meta": 1670639407563,
    "relativePath": "prefab\\webview.prefab"
  },
  "144c3297-af63-49e8-b8ef-1cfa29b3be28": {
    "asset": 1669891508186,
    "meta": 1670639407611,
    "relativePath": "resources\\effects\\builtin-2d-gray-sprite.effect"
  },
  "0e93aeaa-0b53-4e40-b8e0-6268b4e07bd7": {
    "asset": 1669891508190,
    "meta": 1670639407662,
    "relativePath": "resources\\effects\\builtin-2d-spine.effect"
  },
  "2874f8dd-416c-4440-81b7-555975426e93": {
    "asset": 1669891508192,
    "meta": 1670639407685,
    "relativePath": "resources\\effects\\builtin-2d-sprite.effect"
  },
  "829a282c-b049-4019-bd38-5ace8d8a6417": {
    "asset": 1669891508195,
    "meta": 1670639407808,
    "relativePath": "resources\\effects\\builtin-3d-particle.effect"
  },
  "2a7c0036-e0b3-4fe1-8998-89a54b8a2bec": {
    "asset": 1669891508197,
    "meta": 1670639407838,
    "relativePath": "resources\\effects\\builtin-3d-trail.effect"
  },
  "c0040c95-c57f-49cd-9cbc-12316b73d0d4": {
    "asset": 1669891508199,
    "meta": 1670639407852,
    "relativePath": "resources\\effects\\builtin-clear-stencil.effect"
  },
  "6d91e591-4ce0-465c-809f-610ec95019c6": {
    "asset": 1669891508201,
    "meta": 1670639407878,
    "relativePath": "resources\\effects\\builtin-unlit.effect"
  },
  "6f801092-0c37-4f30-89ef-c8d960825b36": {
    "asset": 1669891508205,
    "meta": 1670639408044,
    "relativePath": "resources\\materials\\builtin-2d-base.mtl"
  },
  "3a7bb79f-32fd-422e-ada2-96f518fed422": {
    "asset": 1669891508209,
    "meta": 1670639408083,
    "relativePath": "resources\\materials\\builtin-2d-gray-sprite.mtl"
  },
  "7afd064b-113f-480e-b793-8817d19f63c3": {
    "asset": 1669891508213,
    "meta": 1670639408092,
    "relativePath": "resources\\materials\\builtin-2d-spine.mtl"
  },
  "eca5d2f2-8ef6-41c2-bbe6-f9c79d09c432": {
    "asset": 1669891508214,
    "meta": 1670639408095,
    "relativePath": "resources\\materials\\builtin-2d-sprite.mtl"
  },
  "432fa09c-cf03-4cff-a186-982604408a07": {
    "asset": 1669891508217,
    "meta": 1670639408097,
    "relativePath": "resources\\materials\\builtin-3d-particle.mtl"
  },
  "466d4f9b-e5f4-4ea8-85d5-3c6e9a65658a": {
    "asset": 1669891508218,
    "meta": 1670639408100,
    "relativePath": "resources\\materials\\builtin-3d-trail.mtl"
  },
  "cf7e0bb8-a81c-44a9-ad79-d28d43991032": {
    "asset": 1669891508220,
    "meta": 1670639408103,
    "relativePath": "resources\\materials\\builtin-clear-stencil.mtl"
  },
  "2a296057-247c-4a1c-bbeb-0548b6c98650": {
    "asset": 1669891508222,
    "meta": 1670639408105,
    "relativePath": "resources\\materials\\builtin-unlit.mtl"
  },
  "954fec8b-cd16-4bb9-a3b7-7719660e7558": {
    "asset": 1669891508111,
    "meta": 1670639410158,
    "relativePath": "model\\primitives.fbx"
  },
  "30682f87-9f0d-4f17-8a44-72863791461b": {
    "asset": 1669891508184,
    "meta": 1670639407590,
    "relativePath": "resources\\effects\\builtin-2d-graphics.effect"
  },
  "f18742d7-56d2-4eb5-ae49-2d9d710b37c8": {
    "asset": 1669891508188,
    "meta": 1670639407640,
    "relativePath": "resources\\effects\\builtin-2d-label.effect"
  },
  "a153945d-2511-4c14-be7b-05d242f47d57": {
    "asset": 1669891508206,
    "meta": 1670639408077,
    "relativePath": "resources\\materials\\builtin-2d-graphics.mtl"
  },
  "e02d87d4-e599-4d16-8001-e14891ac6506": {
    "asset": 1669891508211,
    "meta": 1670639408089,
    "relativePath": "resources\\materials\\builtin-2d-label.mtl"
  },
  "94c8fc57-528c-4ecb-8964-385bf62e2643": {
    "asset": 1670546519622,
    "meta": 1670547534972,
    "relativePath": "Texture\\target.png"
  },
  "a0b2dfdb-2879-4123-8b2b-84a87e91cc3e": {
    "asset": 1670547006114,
    "meta": 1670547006117,
    "relativePath": "Prefab\\target.prefab"
  },
  "4ab8bc12-e061-4039-b5f1-039c2333f281": {
    "asset": 1670547147916,
    "meta": 1670547147968,
    "relativePath": "Texture\\arrow.png"
  },
  "71e08537-a75b-4a5e-928b-f5d3d21610d9": {
    "asset": 1670548195484,
    "meta": 1670548205217,
    "relativePath": "Script\\Item.js"
  },
  "5075e683-f1b4-48d5-8239-5caa61887e8e": {
    "asset": 1670576798318,
    "meta": 1670576798358,
    "relativePath": "Texture\\bg.jpg"
  },
  "b10bdb05-eb25-49f6-ac69-71e0b5a07df3": {
    "asset": 1670576803473,
    "meta": 1670576803501,
    "relativePath": "Texture\\bg2.jpg"
  },
  "ebdc19ae-3679-44a7-b137-76aafcea3c43": {
    "asset": 1670576806152,
    "meta": 1670576806279,
    "relativePath": "Texture\\bg3.png"
  },
  "21652764-ab25-498f-a295-f5b2b4cdd1a2": {
    "asset": 1670637916823,
    "meta": 1670637916839,
    "relativePath": "Scene\\Lose.fire"
  },
  "ebd1bda1-3437-4110-8c54-8d97d5d7da1c": {
    "asset": 1670637945903,
    "meta": 1670637945908,
    "relativePath": "Scene\\Win.fire"
  },
  "4bb6a879-8e55-4d4e-964f-5521840fdab3": {
    "asset": 1670577746664,
    "meta": 1670577748605,
    "relativePath": "Script\\Back.js"
  },
  "3543a9f0-d7a5-421f-b3fe-8b31e6bf0858": {
    "asset": 1670587350674,
    "meta": 1670587352909,
    "relativePath": "Script\\Arrow.js"
  },
  "65e54602-dbd9-44d8-a13e-2778e7191919": {
    "asset": 1670587938825,
    "meta": 1670587938828,
    "relativePath": "Prefab\\arrow.prefab"
  },
  "653e9bfb-2588-43c6-b115-b107abd233ee": {
    "asset": 1670591495725,
    "meta": 1670591495760,
    "relativePath": "Texture\\bar02.png"
  },
  "e37c1f00-9ede-43d2-b2a6-b89b8a3e0f3f": {
    "asset": 1670591778136,
    "meta": 1670591780126,
    "relativePath": "Script\\GameScore.js"
  },
  "30fe5226-7f31-4424-a594-bd20b6d85e24": {
    "asset": 1670592130241,
    "meta": 1670592130268,
    "relativePath": "Texture\\bar01.png"
  },
  "54a069a1-a824-42d1-9b11-2fa8ec69213d": {
    "asset": 1670592874016,
    "meta": 1670592875701,
    "relativePath": "Script\\Game.js"
  },
  "c259c880-923c-4aa2-9f10-3a87eb3370d3": {
    "asset": 1670595226974,
    "meta": 1670597911733,
    "relativePath": "audio"
  },
  "0c3bb6d4-8d12-4696-97a2-fcff921109db": {
    "asset": 1670594914667,
    "meta": 1670639432526,
    "relativePath": "audio\\winsound.wav"
  },
  "5fb80637-5bdc-419f-832b-55a1c9712314": {
    "asset": 1670594920844,
    "meta": 1670639424429,
    "relativePath": "audio\\losesound.wav"
  },
  "fbeb7467-3452-4491-9c55-652b07809d17": {
    "asset": 1670639925824,
    "meta": 1670639926812,
    "relativePath": "Script\\GameMgr.js"
  }
}