{
  "version": "1.1.1",
  "windows": {
    "main": {
      "main": true,
      "url": "app://editor/index.html",
      "windowType": "dockable",
      "x": 0,
      "y": 0,
      "width": 1280,
      "height": 680,
      "layout": {
        "children": [
          {
            "children": [
              {
                "active": 0,
                "children": [
                  "hierarchy"
                ],
                "height": 300.25,
                "type": "panel",
                "width": 204
              },
              {
                "active": 0,
                "children": [
                  "assets"
                ],
                "height": 261.0833435058594,
                "type": "panel",
                "width": 204
              }
            ],
            "height": 564.3333740234375,
            "type": "dock-v",
            "width": 204
          },
          {
            "children": [
              {
                "active": 0,
                "children": [
                  "scene"
                ],
                "height": 294.21875,
                "type": "panel",
                "width": 752
              },
              {
                "active": 0,
                "children": [
                  "console",
                  "timeline"
                ],
                "height": 267.10418701171875,
                "type": "panel",
                "width": 752
              }
            ],
            "height": 564.3333740234375,
            "type": "dock-v",
            "width": 752
          },
          {
            "active": 0,
            "children": [
              "inspector"
            ],
            "height": 564.3333740234375,
            "type": "panel",
            "width": 304
          }
        ],
        "type": "dock-h"
      },
      "panels": [
        "hierarchy",
        "assets",
        "scene",
        "console",
        "timeline",
        "inspector"
      ]
    },
    "worker": {}
  },
  "panels": {
    "preferences": {
      "x": 350,
      "y": 60,
      "width": 602,
      "height": 564
    },
    "node-library": {
      "x": 480,
      "y": 70,
      "width": 316,
      "height": 518
    },
    "console": {
      "x": 430,
      "y": 160,
      "width": 420,
      "height": 338
    },
    "timeline": {
      "x": 338,
      "y": 290,
      "width": 522,
      "height": 340
    },
    "im-plugin": {
      "x": 132,
      "y": 0,
      "width": 1016,
      "height": 680
    },
    "project-settings": {
      "x": 350,
      "y": 60,
      "width": 602,
      "height": 564
    },
    "sprite-editor": {
      "x": 380,
      "y": 60,
      "width": 516,
      "height": 538
    }
  },
  "panelLabelWidth": {
    "preferences": null,
    "inspector": null
  }
}
