[{"__type__":"cc.SpriteFrame","content":{"name":"plot","texture":"c5D6yhMvFPt78o9ieeYr6s","rect":[1,1,616,163],"offset":[0,0],"originalSize":[618,165],"capInsets":[0,0,0,0]}},{"__type__":"cc.SpriteFrame","content":{"name":"9","texture":"9ba1XDrhNCP5XntvR0tcgA","rect":[0,0,1440,1080],"offset":[0,0],"originalSize":[1440,1080],"capInsets":[0,0,0,0]}},[{"__type__":"cc.SceneAsset","_name":"wrong_anser4","scene":{"__id__":1},"asyncLoadAssets":null},{"__type__":"cc.Scene","_name":"New Node","_children":[{"__id__":2}],"_anchorPoint":{"__type__":"cc.Vec2"},"_trs":{"__type__":"TypedArray","ctor":"Float64Array","array":[0,0,0,0,0,0,1,1,1,1]}},{"__type__":"cc.Node","_name":"Canvas","_parent":{"__id__":1},"_children":[{"__id__":3},{"__id__":4},{"__id__":5},{"__id__":9}],"_components":[{"__type__":"cc.Canvas","node":{"__id__":2}},{"__type__":"cc.Widget","node":{"__id__":2},"_alignFlags":45}],"_contentSize":{"__type__":"cc.Size","width":960,"height":640},"_trs":{"__type__":"TypedArray","ctor":"Float64Array","array":[480,320,0,0,0,0,1,1,1,1]},"_id":"a5esZu+45LA5mBpvttspPD"},{"__type__":"cc.Node","_name":"Main Camera","_parent":{"__id__":2},"_components":[{"__type__":"cc.Camera","node":{"__id__":3},"_clearFlags":7,"_depth":-1}],"_contentSize":{"__type__":"cc.Size","width":960,"height":640},"_trs":{"__type__":"TypedArray","ctor":"Float64Array","array":[0,0,312.28433380031316,0,0,0,1,1,1,1]}},{"__type__":"cc.Node","_name":"9","_parent":{"__id__":2},"_components":[{"__type__":"cc.Sprite","node":{"__id__":4},"_materials":[{"__uuid__":"ecpdLyjvZBwrvm+cedCcQy"}],"_spriteFrame":{"__uuid__":"d0KcUSftdKlZPiZjePtmaQ"}}],"_contentSize":{"__type__":"cc.Size","width":1440,"height":1080},"_trs":{"__type__":"TypedArray","ctor":"Float64Array","array":[0,0,0,0,0,0,1,0.7,0.7,1]}},{"__type__":"cc.Node","_name":"plot","_parent":{"__id__":2},"_children":[{"__id__":6},{"__id__":7}],"_components":[{"__type__":"cc.Sprite","node":{"__id__":5},"_materials":[{"__uuid__":"ecpdLyjvZBwrvm+cedCcQy"}],"_spriteFrame":{"__uuid__":"7cOAzci4FOGp6r0EpEVg2P"},"_sizeMode":0}],"_contentSize":{"__type__":"cc.Size","width":960,"height":163},"_trs":{"__type__":"TypedArray","ctor":"Float64Array","array":[0,-237.154,0,0,0,0,1,1.6,1,1]}},{"__type__":"cc.Node","_name":"New Label","_parent":{"__id__":5},"_components":[{"__type__":"cc.Label","node":{"__id__":6},"_materials":[{"__uuid__":"ecpdLyjvZBwrvm+cedCcQy"}],"_useOriginalSize":false,"_string":"回答错误，理智值  -1\n请重新做答","_N$string":"回答错误，理智值  -1\n请重新做答","_N$file":{"__uuid__":"c196Wji6FAtYU4qixAq9Rd"},"_isSystemFontUsed":false,"_N$horizontalAlign":1,"_N$verticalAlign":1,"_N$overflow":2}],"_contentSize":{"__type__":"cc.Size","width":950,"height":100},"_trs":{"__type__":"TypedArray","ctor":"Float64Array","array":[0,-1.041,0,0,0,0,1,0.625,1,0.625]}},{"__type__":"cc.Node","_name":"New Button","_parent":{"__id__":5},"_children":[{"__id__":8}],"_components":[{"__type__":"cc.Button","node":{"__id__":7},"clickEvents":[{"__type__":"cc.ClickEvent","target":{"__id__":7},"_componentId":"f15adQLwvJPGq6DE/je84AF","handler":"toSceneTest1"}],"_N$transition":2,"transition":2,"_N$normalColor":{"__type__":"cc.Color","r":230,"g":230,"b":230},"_N$pressedColor":{"__type__":"cc.Color","r":200,"g":200,"b":200},"pressedColor":{"__type__":"cc.Color","r":200,"g":200,"b":200},"_N$disabledColor":{"__type__":"cc.Color","r":120,"g":120,"b":120,"a":200},"_N$target":{"__id__":8}},{"__type__":"f15adQLwvJPGq6DE/je84AF","node":{"__id__":7}}],"_contentSize":{"__type__":"cc.Size","width":960,"height":130},"_trs":{"__type__":"TypedArray","ctor":"Float64Array","array":[0,0,0,0,0,0,1,1,1,1]}},{"__type__":"cc.Node","_name":"Background","_parent":{"__id__":7},"_components":[{"__type__":"cc.Sprite","node":{"__id__":8},"_materials":[{"__uuid__":"ecpdLyjvZBwrvm+cedCcQy"}],"_type":1,"_sizeMode":0},{"__type__":"cc.Widget","node":{"__id__":8},"alignMode":0,"_alignFlags":45,"_left":120.5,"_right":138.49999999999994,"_top":1.9539925233402755e-14,"_bottom":-9.999999999999993,"_originalWidth":100,"_originalHeight":40}],"_contentSize":{"__type__":"cc.Size","width":701,"height":140},"_trs":{"__type__":"TypedArray","ctor":"Float64Array","array":[-9,-5,0,0,0,0,1,1,1,1]}},{"__type__":"cc.Node","_name":"CosciousNode","_parent":{"__id__":2},"_components":[{"__id__":10},{"__type__":"b8c8bt1TZhEY6hSobOxeT+J","node":{"__id__":9},"text":{"__id__":10}}],"_color":{"__type__":"cc.Color","r":242,"g":58,"b":58},"_contentSize":{"__type__":"cc.Size","width":200,"height":50.4},"_trs":{"__type__":"TypedArray","ctor":"Float64Array","array":[-372.081,269.558,0,0,0,0,1,1,1,1]}},{"__type__":"cc.Label","node":{"__id__":9},"_materials":[{"__uuid__":"ecpdLyjvZBwrvm+cedCcQy"}],"_useOriginalSize":false,"_N$verticalAlign":1,"_N$fontFamily":"宋体","_N$overflow":3}]]