[{"__type__":"cc.AnimationClip","_name":"biancheng","_duration":0.3333333333333333,"speed":0.5,"wrapMode":2,"curveData":{"props":{"y":[{"frame":0,"value":619.938},{"frame":0.16666666666666666,"value":441.241},{"frame":0.3333333333333333,"value":264.096}]},"paths":{"New Label":{"props":{"position":[{"frame":0.16666666666666666,"value":[8.114,33.795,0]}]}}}}},{"__type__":"cc.AnimationClip","_name":"bug","_duration":0.3333333333333333,"speed":0.5,"wrapMode":2,"curveData":{"paths":{"New Label":{"props":{"position":[{"frame":0,"value":[-321.649,83.8,0]},{"frame":0.16666666666666666,"value":[-177.04,-43.24,0]},{"frame":0.3333333333333333,"value":[-60.812,-155.414,0]}]}}},"props":{"position":[{"frame":0,"value":[426.507,411.623,0]},{"frame":0.16666666666666666,"value":[417.047,407.569,0]},{"frame":0.3333333333333333,"value":[417.047,407.569,0]}]}}},{"__type__":"cc.AnimationClip","_name":"404","_duration":0.3333333333333333,"speed":0.5,"wrapMode":2,"curveData":{"props":{"position":[{"frame":0,"value":[784.652,454.87,0]},{"frame":0.16666666666666666,"value":[599.499,325.128,0]},{"frame":0.3333333333333333,"value":[464.35,231.875,0]}]}}},{"__type__":"cc.SpriteFrame","content":{"name":"plot","texture":"c5D6yhMvFPt78o9ieeYr6s","rect":[1,1,616,163],"offset":[0,0],"originalSize":[618,165],"capInsets":[0,0,0,0]}},{"__type__":"cc.SpriteFrame","content":{"name":"8","texture":"6ehUeAXwRAHKFE+TiY54jq","rect":[0,0,1546,1080],"offset":[0,0],"originalSize":[1546,1080],"capInsets":[0,0,0,0]}},[{"__type__":"cc.SceneAsset","_name":"bad_ending","scene":{"__id__":1},"asyncLoadAssets":null},{"__type__":"cc.Scene","_name":"New Node","_children":[{"__id__":2},{"__id__":9},{"__id__":11},{"__id__":13}],"_anchorPoint":{"__type__":"cc.Vec2"},"_trs":{"__type__":"TypedArray","ctor":"Float64Array","array":[0,0,0,0,0,0,1,1,1,1]}},{"__type__":"cc.Node","_name":"Canvas","_parent":{"__id__":1},"_children":[{"__id__":3},{"__id__":4},{"__id__":5}],"_components":[{"__type__":"cc.Canvas","node":{"__id__":2}},{"__type__":"cc.Widget","node":{"__id__":2},"_alignFlags":45}],"_contentSize":{"__type__":"cc.Size","width":960,"height":640},"_trs":{"__type__":"TypedArray","ctor":"Float64Array","array":[480,320,0,0,0,0,1,1,1,1]},"_id":"a5esZu+45LA5mBpvttspPD"},{"__type__":"cc.Node","_name":"Main Camera","_parent":{"__id__":2},"_components":[{"__type__":"cc.Camera","node":{"__id__":3},"_clearFlags":7,"_depth":-1}],"_contentSize":{"__type__":"cc.Size","width":960,"height":640},"_trs":{"__type__":"TypedArray","ctor":"Float64Array","array":[0,0,312.28433380031316,0,0,0,1,1,1,1]}},{"__type__":"cc.Node","_name":"8","_parent":{"__id__":2},"_components":[{"__type__":"cc.Sprite","node":{"__id__":4},"_materials":[{"__uuid__":"ecpdLyjvZBwrvm+cedCcQy"}],"_spriteFrame":{"__uuid__":"cfYLJqVWBMo5eRs152drrm"},"_sizeMode":0}],"_contentSize":{"__type__":"cc.Size","width":1076,"height":739},"_anchorPoint":{"__type__":"cc.Vec2","x":0.6166952142511223,"y":0.5786773367739048},"_trs":{"__type__":"TypedArray","ctor":"Float64Array","array":[66,7,0,0,0,0,1,1,1,1]}},{"__type__":"cc.Node","_name":"New Sprite","_parent":{"__id__":2},"_children":[{"__id__":6},{"__id__":7}],"_components":[{"__type__":"6ec28JVSaJH/qj+CiYcDR53","node":{"__id__":5},"textLabel":{"__id__":8}}],"_contentSize":{"__type__":"cc.Size","width":40,"height":36},"_trs":{"__type__":"TypedArray","ctor":"Float64Array","array":[0,0,0,0,0,0,1,1,1,1]}},{"__type__":"cc.Node","_name":"plot","_parent":{"__id__":5},"_components":[{"__type__":"cc.Sprite","node":{"__id__":6},"_materials":[{"__uuid__":"ecpdLyjvZBwrvm+cedCcQy"}],"_spriteFrame":{"__uuid__":"7cOAzci4FOGp6r0EpEVg2P"},"_sizeMode":0}],"_contentSize":{"__type__":"cc.Size","width":960,"height":100},"_trs":{"__type__":"TypedArray","ctor":"Float64Array","array":[0,-250,0,0,0,0,1,1,1,1]}},{"__type__":"cc.Node","_name":"New Label","_parent":{"__id__":5},"_components":[{"__id__":8}],"_contentSize":{"__type__":"cc.Size","width":108,"height":50.4},"_trs":{"__type__":"TypedArray","ctor":"Float64Array","array":[0,-250,0,0,0,0,1,1,1,1]}},{"__type__":"cc.Label","node":{"__id__":7},"_materials":[{"__uuid__":"ecpdLyjvZBwrvm+cedCcQy"}],"_useOriginalSize":false,"_string":"坏结局","_N$string":"坏结局","_fontSize":36,"_N$file":{"__uuid__":"c196Wji6FAtYU4qixAq9Rd"},"_isSystemFontUsed":false,"_N$horizontalAlign":1,"_N$verticalAlign":1},{"__type__":"cc.Node","_name":"Sprite biancheng","_parent":{"__id__":1},"_children":[{"__id__":10}],"_components":[{"__type__":"cc.Sprite","node":{"__id__":9},"_materials":[{"__uuid__":"ecpdLyjvZBwrvm+cedCcQy"}]},{"__type__":"cc.Animation","node":{"__id__":9},"_defaultClip":{"__uuid__":"14nu1uG8xDzr+wTYof7Iqo"},"_clips":[{"__uuid__":"14nu1uG8xDzr+wTYof7Iqo"}],"playOnLoad":true}],"_contentSize":{"__type__":"cc.Size","width":40,"height":36},"_trs":{"__type__":"TypedArray","ctor":"Float64Array","array":[417.047,407.569,0,0,0,0,1,1,1,1]},"_id":"f4gyz2c2VNb7q2vQDVvYEh"},{"__type__":"cc.Node","_name":"New Label","_parent":{"__id__":9},"_components":[{"__type__":"cc.Label","node":{"__id__":10},"_materials":[{"__uuid__":"ecpdLyjvZBwrvm+cedCcQy"}],"_useOriginalSize":false,"_string":"error","_N$string":"error","_N$file":{"__uuid__":"c196Wji6FAtYU4qixAq9Rd"},"_isSystemFontUsed":false,"_N$horizontalAlign":1,"_N$verticalAlign":1}],"_color":{"__type__":"cc.Color","r":239,"g":6,"b":6},"_contentSize":{"__type__":"cc.Size","width":92.64,"height":50.4},"_trs":{"__type__":"TypedArray","ctor":"Float64Array","array":[2.708,4.062,0,0,0,0,1,1,1,1]}},{"__type__":"cc.Node","_name":" Sprite bug","_parent":{"__id__":1},"_children":[{"__id__":12}],"_components":[{"__type__":"cc.Sprite","node":{"__id__":11},"_materials":[{"__uuid__":"ecpdLyjvZBwrvm+cedCcQy"}]},{"__type__":"cc.Animation","node":{"__id__":11},"_defaultClip":{"__uuid__":"36XYgm1nBHQp6lPu8GRB97"},"_clips":[{"__uuid__":"36XYgm1nBHQp6lPu8GRB97"}],"playOnLoad":true}],"_contentSize":{"__type__":"cc.Size","width":40,"height":36},"_trs":{"__type__":"TypedArray","ctor":"Float64Array","array":[417.047,407.569,0,0,0,0,1,1,1,1]},"_id":"8ajc7i+K5K5JEPUnUImwjS"},{"__type__":"cc.Node","_name":"New Label","_parent":{"__id__":11},"_components":[{"__type__":"cc.Label","node":{"__id__":12},"_materials":[{"__uuid__":"ecpdLyjvZBwrvm+cedCcQy"}],"_useOriginalSize":false,"_string":"bug\n","_N$string":"bug\n","_N$file":{"__uuid__":"c196Wji6FAtYU4qixAq9Rd"},"_isSystemFontUsed":false,"_N$horizontalAlign":1,"_N$verticalAlign":1}],"_color":{"__type__":"cc.Color","r":239,"g":6,"b":6},"_contentSize":{"__type__":"cc.Size","width":65.92,"height":90.4},"_trs":{"__type__":"TypedArray","ctor":"Float64Array","array":[2.708,4.062,0,0,0,0,1,1,1,1]}},{"__type__":"cc.Node","_name":" Sprite 404","_parent":{"__id__":1},"_children":[{"__id__":14}],"_components":[{"__type__":"cc.Sprite","node":{"__id__":13},"_materials":[{"__uuid__":"ecpdLyjvZBwrvm+cedCcQy"}]},{"__type__":"cc.Animation","node":{"__id__":13},"_defaultClip":{"__uuid__":"5ekW4GdmVA4KsOi3jC6fD1"},"_clips":[{"__uuid__":"5ekW4GdmVA4KsOi3jC6fD1"}],"playOnLoad":true}],"_contentSize":{"__type__":"cc.Size","width":40,"height":36},"_trs":{"__type__":"TypedArray","ctor":"Float64Array","array":[417.047,407.569,0,0,0,0,1,1,1,1]},"_id":"353WdzU8hPgK5ATvS+M0gE"},{"__type__":"cc.Node","_name":"New Label","_parent":{"__id__":13},"_components":[{"__type__":"cc.Label","node":{"__id__":14},"_materials":[{"__uuid__":"ecpdLyjvZBwrvm+cedCcQy"}],"_useOriginalSize":false,"_string":"404\n\n","_N$string":"404\n\n","_N$file":{"__uuid__":"c196Wji6FAtYU4qixAq9Rd"},"_isSystemFontUsed":false,"_N$horizontalAlign":1,"_N$verticalAlign":1}],"_color":{"__type__":"cc.Color","r":239,"g":6,"b":6},"_contentSize":{"__type__":"cc.Size","width":69.36,"height":130.4},"_trs":{"__type__":"TypedArray","ctor":"Float64Array","array":[2.708,4.062,0,0,0,0,1,1,1,1]}}]]