[{"__type__":"cc.SpriteFrame","content":{"name":"diaryO big","texture":"d6L9NMTnhL16UD0xnUZ8RR","rect":[97,114,945,1168],"offset":[-3.5,28.5],"originalSize":[1146,1453],"capInsets":[0,0,0,0]}},{"__type__":"cc.SpriteFrame","content":{"name":"default_btn_disabled","texture":"71VhFCTINJM6/Ky3oX9nBT","rect":[0,0,40,40],"offset":[0,0],"originalSize":[40,40],"capInsets":[12,12,12,12]}},{"__type__":"cc.SpriteFrame","content":{"name":"laptop","texture":"dc2QHwdbBBUZ65y3DRhnEg","rect":[0,0,576,564],"offset":[0,0],"originalSize":[576,564],"capInsets":[0,0,0,0]}},[{"__type__":"cc.SceneAsset","_name":"Scene 2.3","scene":{"__id__":1},"asyncLoadAssets":null},{"__type__":"cc.Scene","_name":"New Node","_children":[{"__id__":2}],"_anchorPoint":{"__type__":"cc.Vec2"},"_trs":{"__type__":"TypedArray","ctor":"Float64Array","array":[0,0,0,0,0,0,1,1,1,1]}},{"__type__":"cc.Node","_name":"Canvas","_parent":{"__id__":1},"_children":[{"__id__":3},{"__id__":23}],"_components":[{"__type__":"cc.Canvas","node":{"__id__":2}},{"__type__":"cc.Widget","node":{"__id__":2},"_alignFlags":45}],"_contentSize":{"__type__":"cc.Size","width":960,"height":640},"_trs":{"__type__":"TypedArray","ctor":"Float64Array","array":[480,320,0,0,0,0,1,1,1,1]},"_id":"a5esZu+45LA5mBpvttspPD"},{"__type__":"cc.Node","_name":"search scene","_parent":{"__id__":2},"_children":[{"__id__":4},{"__id__":16},{"__id__":17},{"__id__":19},{"__id__":20},{"__id__":21},{"__id__":5}],"_components":[{"__type__":"cc.Sprite","node":{"__id__":3},"_materials":[{"__uuid__":"ecpdLyjvZBwrvm+cedCcQy"}],"_spriteFrame":{"__uuid__":"eczYzmrAVGha9jNBEjHfHh"},"_sizeMode":0}],"_contentSize":{"__type__":"cc.Size","width":960,"height":640},"_trs":{"__type__":"TypedArray","ctor":"Float64Array","array":[0,0,0,0,0,0,1,1,1,1]}},{"__type__":"cc.Node","_name":"phone btn","_parent":{"__id__":3},"_components":[{"__type__":"cc.Button","node":{"__id__":4},"clickEvents":[{"__type__":"cc.ClickEvent","target":{"__id__":5},"_componentId":"352c4gQ66pMZobBoHL/mkjj","handler":"on_btn_onclick_phone"}],"_N$normalSprite":{"__uuid__":"f0BIwQ8D5Ml7nTNQbh1YlS"},"_N$pressedSprite":{"__uuid__":"e97GVMl6JHh5Ml5qEDdSGa"},"pressedSprite":{"__uuid__":"e97GVMl6JHh5Ml5qEDdSGa"},"_N$hoverSprite":{"__uuid__":"f0BIwQ8D5Ml7nTNQbh1YlS"},"hoverSprite":{"__uuid__":"f0BIwQ8D5Ml7nTNQbh1YlS"},"_N$disabledSprite":{"__uuid__":"29FYIk+N1GYaeWH/q1NxQO"}}],"_contentSize":{"__type__":"cc.Size","width":20,"height":20},"_trs":{"__type__":"TypedArray","ctor":"Float64Array","array":[-72,-89,0,0,0,0,1,1,1,1]}},{"__type__":"cc.Node","_name":"dialogNode","_parent":{"__id__":3},"_children":[{"__id__":6},{"__id__":7},{"__id__":10},{"__id__":13}],"_components":[{"__type__":"cc.Sprite","node":{"__id__":5},"_materials":[{"__uuid__":"ecpdLyjvZBwrvm+cedCcQy"}],"_spriteFrame":{"__uuid__":"e3YsGT22NEl7p5xTrz1E3h"}},{"__type__":"352c4gQ66pMZobBoHL/mkjj","node":{"__id__":5},"Textindex":null}],"_contentSize":{"__type__":"cc.Size","width":616,"height":163},"_anchorPoint":{"__type__":"cc.Vec2","x":0.5},"_trs":{"__type__":"TypedArray","ctor":"Float64Array","array":[0,-320,0,0,0,0,1,1.6,1,1]}},{"__type__":"cc.Node","_name":"TextLabel","_parent":{"__id__":5},"_components":[{"__type__":"cc.Label","node":{"__id__":6},"_materials":[{"__uuid__":"ecpdLyjvZBwrvm+cedCcQy"}],"_useOriginalSize":false,"_fontSize":35,"_N$file":{"__uuid__":"c196Wji6FAtYU4qixAq9Rd"},"_isSystemFontUsed":false,"_N$verticalAlign":1,"_N$fontFamily":"宋体","_N$overflow":3}],"_contentSize":{"__type__":"cc.Size","width":920,"height":50.4},"_anchorPoint":{"__type__":"cc.Vec2","y":1},"_trs":{"__type__":"TypedArray","ctor":"Float64Array","array":[-290,150,0,0,0,0,1,0.625,1,1]}},{"__type__":"cc.Node","_name":"Button1","_parent":{"__id__":5},"_children":[{"__id__":8}],"_components":[{"__type__":"cc.Button","node":{"__id__":7},"clickEvents":[{"__type__":"cc.ClickEvent","target":{"__id__":5},"_componentId":"352c4gQ66pMZobBoHL/mkjj","handler":"onclick_Button1"}],"_N$transition":2,"transition":2,"_N$normalColor":{"__type__":"cc.Color","r":230,"g":230,"b":230},"_N$pressedColor":{"__type__":"cc.Color","r":200,"g":200,"b":200},"pressedColor":{"__type__":"cc.Color","r":200,"g":200,"b":200},"_N$disabledColor":{"__type__":"cc.Color","r":120,"g":120,"b":120,"a":200},"_N$normalSprite":{"__uuid__":"f0BIwQ8D5Ml7nTNQbh1YlS"},"_N$pressedSprite":{"__uuid__":"e97GVMl6JHh5Ml5qEDdSGa"},"pressedSprite":{"__uuid__":"e97GVMl6JHh5Ml5qEDdSGa"},"_N$hoverSprite":{"__uuid__":"f0BIwQ8D5Ml7nTNQbh1YlS"},"hoverSprite":{"__uuid__":"f0BIwQ8D5Ml7nTNQbh1YlS"},"_N$disabledSprite":{"__uuid__":"29FYIk+N1GYaeWH/q1NxQO"},"_N$target":{"__id__":8}}],"_contentSize":{"__type__":"cc.Size","width":250,"height":60},"_trs":{"__type__":"TypedArray","ctor":"Float64Array","array":[0,420,0,0,0,0,1,0.625,1,1]}},{"__type__":"cc.Node","_name":"Background","_objFlags":512,"_parent":{"__id__":7},"_children":[{"__id__":9}],"_components":[{"__type__":"cc.Sprite","node":{"__id__":8},"_materials":[{"__uuid__":"ecpdLyjvZBwrvm+cedCcQy"}],"_spriteFrame":{"__uuid__":"f0BIwQ8D5Ml7nTNQbh1YlS"},"_type":1,"_sizeMode":0},{"__type__":"cc.Widget","node":{"__id__":8},"alignMode":0,"_alignFlags":45,"_originalWidth":100,"_originalHeight":40}],"_color":{"__type__":"cc.Color","r":78,"g":78,"b":78},"_contentSize":{"__type__":"cc.Size","width":250,"height":60},"_trs":{"__type__":"TypedArray","ctor":"Float64Array","array":[0,0,0,0,0,0,1,1,1,1]}},{"__type__":"cc.Node","_name":"Label","_objFlags":512,"_parent":{"__id__":8},"_components":[{"__type__":"cc.Label","node":{"__id__":9},"_materials":[{"__uuid__":"ecpdLyjvZBwrvm+cedCcQy"}],"_useOriginalSize":false,"_string":"跳下去","_N$string":"跳下去","_enableWrapText":false,"_N$file":{"__uuid__":"c196Wji6FAtYU4qixAq9Rd"},"_isSystemFontUsed":false,"_N$horizontalAlign":1,"_N$verticalAlign":1,"_N$fontFamily":"宋体","_N$overflow":1,"_N$cacheMode":1}],"_contentSize":{"__type__":"cc.Size","width":250,"height":60},"_trs":{"__type__":"TypedArray","ctor":"Float64Array","array":[0,0,0,0,0,0,1,1,1,1]}},{"__type__":"cc.Node","_name":"Button2","_parent":{"__id__":5},"_children":[{"__id__":11}],"_components":[{"__type__":"cc.Button","node":{"__id__":10},"clickEvents":[{"__type__":"cc.ClickEvent","target":{"__id__":5},"_componentId":"352c4gQ66pMZobBoHL/mkjj","handler":"onclick_Button2"}],"_N$transition":2,"transition":2,"_N$normalColor":{"__type__":"cc.Color","r":230,"g":230,"b":230},"_N$pressedColor":{"__type__":"cc.Color","r":200,"g":200,"b":200},"pressedColor":{"__type__":"cc.Color","r":200,"g":200,"b":200},"_N$disabledColor":{"__type__":"cc.Color","r":120,"g":120,"b":120,"a":200},"_N$normalSprite":{"__uuid__":"f0BIwQ8D5Ml7nTNQbh1YlS"},"_N$pressedSprite":{"__uuid__":"e97GVMl6JHh5Ml5qEDdSGa"},"pressedSprite":{"__uuid__":"e97GVMl6JHh5Ml5qEDdSGa"},"_N$hoverSprite":{"__uuid__":"f0BIwQ8D5Ml7nTNQbh1YlS"},"hoverSprite":{"__uuid__":"f0BIwQ8D5Ml7nTNQbh1YlS"},"_N$disabledSprite":{"__uuid__":"29FYIk+N1GYaeWH/q1NxQO"},"_N$target":{"__id__":11}}],"_contentSize":{"__type__":"cc.Size","width":250,"height":60},"_trs":{"__type__":"TypedArray","ctor":"Float64Array","array":[0,350,0,0,0,0,1,0.625,1,1]}},{"__type__":"cc.Node","_name":"Background","_objFlags":512,"_parent":{"__id__":10},"_children":[{"__id__":12}],"_components":[{"__type__":"cc.Sprite","node":{"__id__":11},"_materials":[{"__uuid__":"ecpdLyjvZBwrvm+cedCcQy"}],"_spriteFrame":{"__uuid__":"f0BIwQ8D5Ml7nTNQbh1YlS"},"_type":1,"_sizeMode":0},{"__type__":"cc.Widget","node":{"__id__":11},"alignMode":0,"_alignFlags":45,"_originalWidth":100,"_originalHeight":40}],"_color":{"__type__":"cc.Color","r":78,"g":78,"b":78},"_contentSize":{"__type__":"cc.Size","width":250,"height":60},"_trs":{"__type__":"TypedArray","ctor":"Float64Array","array":[0,0,0,0,0,0,1,1,1,1]}},{"__type__":"cc.Node","_name":"Label","_objFlags":512,"_parent":{"__id__":11},"_components":[{"__type__":"cc.Label","node":{"__id__":12},"_materials":[{"__uuid__":"ecpdLyjvZBwrvm+cedCcQy"}],"_useOriginalSize":false,"_string":"大喊大叫","_N$string":"大喊大叫","_enableWrapText":false,"_N$file":{"__uuid__":"c196Wji6FAtYU4qixAq9Rd"},"_isSystemFontUsed":false,"_N$horizontalAlign":1,"_N$verticalAlign":1,"_N$fontFamily":"宋体","_N$overflow":1,"_N$cacheMode":1}],"_contentSize":{"__type__":"cc.Size","width":250,"height":60},"_trs":{"__type__":"TypedArray","ctor":"Float64Array","array":[0,0,0,0,0,0,1,1,1,1]}},{"__type__":"cc.Node","_name":"Button3","_parent":{"__id__":5},"_children":[{"__id__":14}],"_components":[{"__type__":"cc.Button","node":{"__id__":13},"clickEvents":[{"__type__":"cc.ClickEvent","target":{"__id__":5},"_componentId":"352c4gQ66pMZobBoHL/mkjj","handler":"onclick_Button3"}],"_N$transition":2,"transition":2,"_N$normalColor":{"__type__":"cc.Color","r":230,"g":230,"b":230},"_N$pressedColor":{"__type__":"cc.Color","r":200,"g":200,"b":200},"pressedColor":{"__type__":"cc.Color","r":200,"g":200,"b":200},"_N$disabledColor":{"__type__":"cc.Color","r":120,"g":120,"b":120,"a":200},"_N$normalSprite":{"__uuid__":"f0BIwQ8D5Ml7nTNQbh1YlS"},"_N$pressedSprite":{"__uuid__":"e97GVMl6JHh5Ml5qEDdSGa"},"pressedSprite":{"__uuid__":"e97GVMl6JHh5Ml5qEDdSGa"},"_N$hoverSprite":{"__uuid__":"f0BIwQ8D5Ml7nTNQbh1YlS"},"hoverSprite":{"__uuid__":"f0BIwQ8D5Ml7nTNQbh1YlS"},"_N$disabledSprite":{"__uuid__":"29FYIk+N1GYaeWH/q1NxQO"},"_N$target":{"__id__":14}}],"_contentSize":{"__type__":"cc.Size","width":250,"height":60},"_trs":{"__type__":"TypedArray","ctor":"Float64Array","array":[0,280,0,0,0,0,1,0.625,1,1]}},{"__type__":"cc.Node","_name":"Background","_objFlags":512,"_parent":{"__id__":13},"_children":[{"__id__":15}],"_components":[{"__type__":"cc.Sprite","node":{"__id__":14},"_materials":[{"__uuid__":"ecpdLyjvZBwrvm+cedCcQy"}],"_spriteFrame":{"__uuid__":"f0BIwQ8D5Ml7nTNQbh1YlS"},"_type":1,"_sizeMode":0},{"__type__":"cc.Widget","node":{"__id__":14},"alignMode":0,"_alignFlags":45,"_originalWidth":100,"_originalHeight":40}],"_color":{"__type__":"cc.Color","r":78,"g":78,"b":78},"_contentSize":{"__type__":"cc.Size","width":250,"height":60},"_trs":{"__type__":"TypedArray","ctor":"Float64Array","array":[0,0,0,0,0,0,1,1,1,1]}},{"__type__":"cc.Node","_name":"Label","_objFlags":512,"_parent":{"__id__":14},"_components":[{"__type__":"cc.Label","node":{"__id__":15},"_materials":[{"__uuid__":"ecpdLyjvZBwrvm+cedCcQy"}],"_useOriginalSize":false,"_string":"返回","_N$string":"返回","_enableWrapText":false,"_N$file":{"__uuid__":"c196Wji6FAtYU4qixAq9Rd"},"_isSystemFontUsed":false,"_N$horizontalAlign":1,"_N$verticalAlign":1,"_N$fontFamily":"宋体","_N$overflow":1,"_N$cacheMode":1}],"_contentSize":{"__type__":"cc.Size","width":250,"height":60},"_trs":{"__type__":"TypedArray","ctor":"Float64Array","array":[0,0,0,0,0,0,1,1,1,1]}},{"__type__":"cc.Node","_name":"window btn","_parent":{"__id__":3},"_components":[{"__type__":"cc.Button","node":{"__id__":16},"clickEvents":[{"__type__":"cc.ClickEvent","target":{"__id__":5},"_componentId":"352c4gQ66pMZobBoHL/mkjj","handler":"on_btn_onclick_window"}]}],"_contentSize":{"__type__":"cc.Size","width":103,"height":188},"_trs":{"__type__":"TypedArray","ctor":"Float64Array","array":[-428,44,0,0,0,0,1,1,1,1]}},{"__type__":"cc.Node","_name":"laptop btn","_parent":{"__id__":3},"_children":[{"__id__":18}],"_components":[{"__type__":"cc.Button","node":{"__id__":17},"clickEvents":[{"__type__":"cc.ClickEvent","target":{"__id__":5},"_componentId":"352c4gQ66pMZobBoHL/mkjj","handler":"on_btn_onclick_laptop"}],"_N$target":{"__id__":18}}],"_contentSize":{"__type__":"cc.Size","width":70,"height":70},"_trs":{"__type__":"TypedArray","ctor":"Float64Array","array":[24,-70,0,0,0,0,1,1,1,1]}},{"__type__":"cc.Node","_name":"laptop","_parent":{"__id__":17},"_components":[{"__type__":"cc.Sprite","node":{"__id__":18},"_materials":[{"__uuid__":"ecpdLyjvZBwrvm+cedCcQy"}],"_spriteFrame":{"__uuid__":"2dwd8FAzBHhb68pyHdBfSB"},"_sizeMode":0}],"_contentSize":{"__type__":"cc.Size","width":70,"height":70},"_trs":{"__type__":"TypedArray","ctor":"Float64Array","array":[0.642,1.037,0,0,0,0,1,1,1,1]}},{"__type__":"cc.Node","_name":"door btn","_parent":{"__id__":3},"_components":[{"__type__":"cc.Button","node":{"__id__":19},"clickEvents":[{"__type__":"cc.ClickEvent","target":{"__id__":5},"_componentId":"352c4gQ66pMZobBoHL/mkjj","handler":"on_btn_onclick_door"}]}],"_contentSize":{"__type__":"cc.Size","width":50,"height":220},"_trs":{"__type__":"TypedArray","ctor":"Float64Array","array":[325,30,0,0,0,0,1,1,1,1]}},{"__type__":"cc.Node","_name":"desk btn","_parent":{"__id__":3},"_components":[{"__type__":"cc.Button","node":{"__id__":20},"clickEvents":[{"__type__":"cc.ClickEvent","target":{"__id__":5},"_componentId":"352c4gQ66pMZobBoHL/mkjj","handler":"on_btn_onclick_desk"}]}],"_contentSize":{"__type__":"cc.Size","width":280,"height":60},"_trs":{"__type__":"TypedArray","ctor":"Float64Array","array":[330,-110,0,0,0,0,1,1,1,1]}},{"__type__":"cc.Node","_name":"diaryO","_parent":{"__id__":3},"_children":[{"__id__":22}],"_components":[{"__type__":"cc.Sprite","node":{"__id__":21},"_materials":[{"__uuid__":"ecpdLyjvZBwrvm+cedCcQy"}],"_spriteFrame":{"__uuid__":"e8wxfXSiRPkKLcaQ7oyoRB"},"_sizeMode":0},{"__type__":"cc.Button","node":{"__id__":21},"clickEvents":[{"__type__":"cc.ClickEvent","target":{"__id__":21},"_componentId":"78346lY1ctF44rZiZKMhxP/","handler":"onclick_diaryO"}]},{"__type__":"78346lY1ctF44rZiZKMhxP/","node":{"__id__":21}}],"_contentSize":{"__type__":"cc.Size","width":30,"height":30},"_trs":{"__type__":"TypedArray","ctor":"Float64Array","array":[-294.585,-185.717,0,0,0,0,1,1,1,1]}},{"__type__":"cc.Node","_name":"diaryO big","_parent":{"__id__":21},"_components":[{"__type__":"cc.Sprite","node":{"__id__":22},"_materials":[{"__uuid__":"ecpdLyjvZBwrvm+cedCcQy"}],"_spriteFrame":{"__uuid__":"1aPe8rxmxFMYR2nTpoSuin"},"_sizeMode":0}],"_contentSize":{"__type__":"cc.Size","width":350,"height":400},"_trs":{"__type__":"TypedArray","ctor":"Float64Array","array":[294.585,185.717,0,0,0,0.13052619222005157,0.9914448613738104,1,1,1]},"_eulerAngles":{"__type__":"cc.Vec3","z":15}},{"__type__":"cc.Node","_name":"Main Camera","_parent":{"__id__":2},"_components":[{"__type__":"cc.Camera","node":{"__id__":23},"_clearFlags":7,"_depth":-1}],"_contentSize":{"__type__":"cc.Size","width":960,"height":640},"_trs":{"__type__":"TypedArray","ctor":"Float64Array","array":[0,0,312.28433380031316,0,0,0,1,1,1,1]}}],{"__type__":"cc.SpriteFrame","content":{"name":"dialog background","texture":"418Xu4onFB15YuqZs9xGew","rect":[1,1,616,163],"offset":[0,0],"originalSize":[618,165],"capInsets":[0,0,0,0]}},{"__type__":"cc.SpriteFrame","content":{"name":"diaryO","texture":"fb8rwO3y5NlafB/UVZhtje","rect":[97,114,945,1168],"offset":[-3.5,28.5],"originalSize":[1146,1453],"capInsets":[0,0,0,0]}},{"__type__":"cc.SpriteFrame","content":{"name":"default_btn_pressed","texture":"b4P/PCArtIdIH38t6mlw8Y","rect":[0,0,40,40],"offset":[0,0],"originalSize":[40,40],"capInsets":[12,12,12,12]}},{"__type__":"cc.SpriteFrame","content":{"name":"search scene","texture":"8af1XmqlJHaZKIStaEn0mA","rect":[0,0,1609,1080],"offset":[0,0],"originalSize":[1609,1080],"capInsets":[0,0,0,0]}},{"__type__":"cc.SpriteFrame","content":{"name":"default_btn_normal","texture":"e8Ueib+qJEhL6mXAHdnwbi","rect":[0,0,40,40],"offset":[0,0],"originalSize":[40,40],"capInsets":[12,12,12,12]}}]