{"version":"1.0.8","stats":{"D:/软工星期八/zyy/temp/quick-scripts/src/__qc_index__.js":"2022-12-03T15:36:58.306Z","D:/软工星期八/zyy/temp/quick-scripts/src/assets/Script/good_ending.js":"2022-12-03T15:36:58.217Z","D:/软工星期八/zyy/temp/quick-scripts/src/assets/Script/label.js":"2022-12-03T15:36:58.238Z","D:/软工星期八/zyy/temp/quick-scripts/src/assets/Script/label - test.js":"2022-12-03T15:36:58.126Z","D:/软工星期八/zyy/temp/quick-scripts/src/assets/Script/music.js":"2022-12-03T15:36:58.180Z","D:/软工星期八/zyy/temp/quick-scripts/src/assets/Script/turnTo_4.js":"2022-12-03T15:36:58.256Z","D:/软工星期八/zyy/temp/quick-scripts/src/assets/Script/fakegood_ending.js":"2022-12-03T15:36:58.164Z","D:/软工星期八/zyy/temp/quick-scripts/src/assets/Script/bad_ending.js":"2022-12-03T15:36:58.199Z","D:/软工星期八/zyy/temp/quick-scripts/src/assets/Script/turnTo_test.js":"2022-12-03T15:36:58.272Z"}}
