{
  "version": "1.1.1",
  "windows": {
    "main": {
      "main": true,
      "url": "app://editor/index.html",
      "windowType": "dockable",
      "x": 0,
      "y": 0,
      "width": 1440,
      "height": 942,
      "layout": {
        "children": [
          {
            "children": [
              {
                "active": 0,
                "children": [
                  "hierarchy"
                ],
                "height": 276.8020935058594,
                "type": "panel",
                "width": 204
              },
              {
                "active": 0,
                "children": [
                  "assets",
                  "cloud-function"
                ],
                "height": 524.5208740234375,
                "type": "panel",
                "width": 204
              }
            ],
            "height": 804.3333740234375,
            "type": "dock-v",
            "width": 204
          },
          {
            "children": [
              {
                "children": [
                  {
                    "active": 0,
                    "children": [
                      "inspector",
                      "cocos-services"
                    ],
                    "height": 556,
                    "type": "panel",
                    "width": 383
                  },
                  {
                    "active": 0,
                    "children": [
                      "scene"
                    ],
                    "height": 556,
                    "type": "panel",
                    "width": 832.9896240234375
                  }
                ],
                "height": 556,
                "type": "dock-h",
                "width": 1218.9896240234375
              },
              {
                "active": 0,
                "children": [
                  "console",
                  "timeline",
                  "game-window"
                ],
                "height": 266,
                "type": "panel",
                "width": 1218.9896240234375
              }
            ],
            "height": 825,
            "type": "dock-v",
            "width": 1218.9896240234375
          }
        ],
        "type": "dock-h"
      },
      "panels": [
        "hierarchy",
        "assets",
        "cloud-function",
        "inspector",
        "cocos-services",
        "scene",
        "console",
        "timeline",
        "game-window"
      ]
    }
  },
  "panels": {
    "preferences": {
      "x": 430,
      "y": 180,
      "width": 602,
      "height": 564
    }
  },
  "panelLabelWidth": {
    "inspector": null,
    "preferences": null
  }
}
