{
  "version": "1.1.1",
  "windows": {
    "main": {
      "main": true,
      "url": "app://editor/index.html",
      "windowType": "dockable",
      "x": 0,
      "y": 0,
      "width": 1280,
      "height": 680,
      "layout": {
        "children": [
          {
            "children": [
              {
                "active": 0,
                "children": [
                  "hierarchy"
                ],
                "height": 298.8333435058594,
                "type": "panel",
                "width": 204
              },
              {
                "active": 0,
                "children": [
                  "assets"
                ],
                "height": 259.9895935058594,
                "type": "panel",
                "width": 204
              }
            ],
            "height": 561.8333740234375,
            "type": "dock-v",
            "width": 204
          },
          {
            "children": [
              {
                "active": 0,
                "children": [
                  "scene"
                ],
                "height": 284.8958435058594,
                "type": "panel",
                "width": 752
              },
              {
                "active": 0,
                "children": [
                  "console",
                  "timeline",
                  "game-window"
                ],
                "height": 273.9375,
                "type": "panel",
                "width": 752
              }
            ],
            "height": 561.8333740234375,
            "type": "dock-v",
            "width": 752
          },
          {
            "active": 0,
            "children": [
              "inspector",
              "cocos-services"
            ],
            "height": 561.8333740234375,
            "type": "panel",
            "width": 304
          }
        ],
        "type": "dock-h"
      },
      "panels": [
        "hierarchy",
        "assets",
        "scene",
        "console",
        "timeline",
        "game-window",
        "inspector",
        "cocos-services"
      ]
    }
  },
  "panels": {
    "preferences": {
      "x": 350,
      "y": 60,
      "width": 602,
      "height": 564
    },
    "im-plugin": {
      "x": 132,
      "y": 0,
      "width": 1016,
      "height": 738
    },
    "project-settings": {
      "x": 350,
      "y": 60,
      "width": 602,
      "height": 564
    },
    "assets": {
      "x": -6,
      "y": 290,
      "width": 220,
      "height": 440
    }
  },
  "panelLabelWidth": {
    "inspector": "42.8571%",
    "preferences": null
  }
}
