[{"__type__":"cc.SpriteFrame","content":{"name":"plot","texture":"c5D6yhMvFPt78o9ieeYr6s","rect":[1,1,616,163],"offset":[0,0],"originalSize":[618,165],"capInsets":[0,0,0,0]}},{"__type__":"cc.AudioClip","_name":"游戏失败结束音效","_native":".wav","duration":2.721088},[{"__type__":"cc.SceneAsset","_name":"Lose","scene":{"__id__":1},"asyncLoadAssets":null},{"__type__":"cc.Scene","_name":"New Node","_children":[{"__id__":2}],"_anchorPoint":{"__type__":"cc.Vec2"},"_trs":{"__type__":"TypedArray","ctor":"Float64Array","array":[0,0,0,0,0,0,1,1,1,1]}},{"__type__":"cc.Node","_name":"Canvas","_parent":{"__id__":1},"_children":[{"__id__":3},{"__id__":4},{"__id__":5},{"__id__":9},{"__id__":12}],"_components":[{"__type__":"cc.Canvas","node":{"__id__":2},"_fitWidth":true},{"__type__":"cc.Widget","node":{"__id__":2},"_alignFlags":45},{"__type__":"b59faxO++hJnpuu9mguEOi9","node":{"__id__":2},"start":null},{"__type__":"cc.AudioSource","node":{"__id__":2},"_clip":{"__uuid__":"c8f3fGCCdE2aH3Bk6jY3hj"},"playOnLoad":true}],"_contentSize":{"__type__":"cc.Size","width":960,"height":640},"_trs":{"__type__":"TypedArray","ctor":"Float64Array","array":[480,320,0,0,0,0,1,1,1,1]},"_id":"a5esZu+45LA5mBpvttspPD"},{"__type__":"cc.Node","_name":"lbg","_parent":{"__id__":2},"_components":[{"__type__":"cc.Sprite","node":{"__id__":3},"_materials":[{"__uuid__":"ecpdLyjvZBwrvm+cedCcQy"}],"_spriteFrame":{"__uuid__":"f9ODpWd+hO4ql0s1bXJ685"},"_sizeMode":0}],"_contentSize":{"__type__":"cc.Size","width":960,"height":640},"_trs":{"__type__":"TypedArray","ctor":"Float64Array","array":[0,0,0,0,0,0,1,1,1,1]}},{"__type__":"cc.Node","_name":"Main Camera","_parent":{"__id__":2},"_components":[{"__type__":"cc.Camera","node":{"__id__":4},"_clearFlags":7,"_depth":-1}],"_contentSize":{"__type__":"cc.Size","width":956,"height":646},"_trs":{"__type__":"TypedArray","ctor":"Float64Array","array":[6.209,-11.167,312.28433380031316,0,0,0,1,5,1,1]}},{"__type__":"cc.Node","_name":"plot_words","_parent":{"__id__":2},"_children":[{"__id__":6},{"__id__":7}],"_components":[{"__type__":"9eba35liEBIbp94c5tF6pPf","node":{"__id__":5},"textLabel":{"__id__":8}}],"_contentSize":{"__type__":"cc.Size","width":960,"height":120},"_trs":{"__type__":"TypedArray","ctor":"Float64Array","array":[0,-250,0,0,0,0,1,1,1,1]}},{"__type__":"cc.Node","_name":"plot_bg","_parent":{"__id__":5},"_components":[{"__type__":"cc.Sprite","node":{"__id__":6},"_materials":[{"__uuid__":"ecpdLyjvZBwrvm+cedCcQy"}],"_spriteFrame":{"__uuid__":"7cOAzci4FOGp6r0EpEVg2P"},"_sizeMode":0}],"_contentSize":{"__type__":"cc.Size","width":960,"height":640},"_trs":{"__type__":"TypedArray","ctor":"Float64Array","array":[0,0,0,0,0,0,1,1,0.2,1]}},{"__type__":"cc.Node","_name":"New Label","_parent":{"__id__":5},"_components":[{"__id__":8}],"_contentSize":{"__type__":"cc.Size","width":920,"height":50.4},"_trs":{"__type__":"TypedArray","ctor":"Float64Array","array":[0,0,0,0,0,0,1,1,1,1]}},{"__type__":"cc.Label","node":{"__id__":7},"_materials":[{"__uuid__":"ecpdLyjvZBwrvm+cedCcQy"}],"_useOriginalSize":false,"_string":"失败","_N$string":"失败","_enableWrapText":false,"_N$file":{"__uuid__":"c196Wji6FAtYU4qixAq9Rd"},"_isSystemFontUsed":false,"_N$horizontalAlign":1,"_N$verticalAlign":1,"_N$fontFamily":"宋体","_N$overflow":3},{"__type__":"cc.Node","_name":"New Button","_parent":{"__id__":2},"_children":[{"__id__":10}],"_components":[{"__type__":"cc.Button","node":{"__id__":9},"clickEvents":[{"__type__":"cc.ClickEvent","target":{"__id__":9},"_componentId":"b59faxO++hJnpuu9mguEOi9","handler":"ToScene"}],"_N$transition":2,"transition":2,"_N$normalColor":{"__type__":"cc.Color","r":230,"g":230,"b":230},"_N$pressedColor":{"__type__":"cc.Color","r":200,"g":200,"b":200},"pressedColor":{"__type__":"cc.Color","r":200,"g":200,"b":200},"_N$disabledColor":{"__type__":"cc.Color","r":120,"g":120,"b":120,"a":200},"_N$normalSprite":{"__uuid__":"7cOAzci4FOGp6r0EpEVg2P"},"_N$pressedSprite":{"__uuid__":"7cOAzci4FOGp6r0EpEVg2P"},"pressedSprite":{"__uuid__":"7cOAzci4FOGp6r0EpEVg2P"},"_N$hoverSprite":{"__uuid__":"7cOAzci4FOGp6r0EpEVg2P"},"hoverSprite":{"__uuid__":"7cOAzci4FOGp6r0EpEVg2P"},"_N$disabledSprite":{"__uuid__":"7cOAzci4FOGp6r0EpEVg2P"},"_N$target":{"__id__":10}},{"__type__":"b59faxO++hJnpuu9mguEOi9","node":{"__id__":9},"start":null}],"_contentSize":{"__type__":"cc.Size","width":220,"height":80},"_trs":{"__type__":"TypedArray","ctor":"Float64Array","array":[0,0,0,0,0,0,1,1,1,1]}},{"__type__":"cc.Node","_name":"Background","_objFlags":512,"_parent":{"__id__":9},"_children":[{"__id__":11}],"_components":[{"__type__":"cc.Sprite","node":{"__id__":10},"_materials":[{"__uuid__":"ecpdLyjvZBwrvm+cedCcQy"}],"_spriteFrame":{"__uuid__":"7cOAzci4FOGp6r0EpEVg2P"},"_type":1,"_sizeMode":0},{"__type__":"cc.Widget","node":{"__id__":10},"alignMode":0,"_alignFlags":45,"_originalWidth":100,"_originalHeight":40}],"_contentSize":{"__type__":"cc.Size","width":220,"height":80},"_trs":{"__type__":"TypedArray","ctor":"Float64Array","array":[0,0,0,0,0,0,1,1,1,1]}},{"__type__":"cc.Node","_name":"Label","_objFlags":512,"_parent":{"__id__":10},"_components":[{"__type__":"cc.Label","node":{"__id__":11},"_materials":[{"__uuid__":"ecpdLyjvZBwrvm+cedCcQy"}],"_useOriginalSize":false,"_string":"重试","_N$string":"重试","_enableWrapText":false,"_N$file":{"__uuid__":"c196Wji6FAtYU4qixAq9Rd"},"_isSystemFontUsed":false,"_N$horizontalAlign":1,"_N$verticalAlign":1,"_N$fontFamily":"宋体","_N$overflow":1,"_N$cacheMode":1}],"_color":{"__type__":"cc.Color","r":255,"g":248,"b":248},"_contentSize":{"__type__":"cc.Size","width":200,"height":80},"_trs":{"__type__":"TypedArray","ctor":"Float64Array","array":[0,0,0,0,0,0,1,1,1,1]}},{"__type__":"cc.Node","_name":"CosciousNode","_parent":{"__id__":2},"_components":[{"__id__":13},{"__type__":"b8c8bt1TZhEY6hSobOxeT+J","node":{"__id__":12},"text":{"__id__":13}}],"_color":{"__type__":"cc.Color","r":239,"g":56,"b":56},"_contentSize":{"__type__":"cc.Size","width":200,"height":50.4},"_anchorPoint":{"__type__":"cc.Vec2","x":2.693015,"y":-3.5713293650793654},"_trs":{"__type__":"TypedArray","ctor":"Float64Array","array":[103.922,31.976,0,0,0,0,1,1,1,1]}},{"__type__":"cc.Label","node":{"__id__":12},"_materials":[{"__uuid__":"ecpdLyjvZBwrvm+cedCcQy"}],"_useOriginalSize":false,"_N$verticalAlign":1,"_N$fontFamily":"宋体","_N$overflow":3}],{"__type__":"cc.SpriteFrame","content":{"name":"lbg","texture":"1b1au9VKhPn7o9X+ibyVJK","rect":[0,0,1871,1080],"offset":[0,0],"originalSize":[1871,1080],"capInsets":[0,0,0,0]}}]