[{"__type__":"cc.SpriteFrame","content":{"name":"10","texture":"82w8eqWpVIioimY+sweIhG","rect":[0,0,1280,853],"offset":[0,0],"originalSize":[1280,853],"capInsets":[0,0,0,0]}},{"__type__":"cc.SpriteFrame","content":{"name":"default_progressbar","texture":"cf73jxyN9Jt47QTJU6ziYh","rect":[0,0,30,15],"offset":[0,0],"originalSize":[30,15],"capInsets":[10,4,10,4]}},{"__type__":"cc.SpriteFrame","content":{"name":"default_progressbar_bg","texture":"99FwsL0hBG8bITfZ4/IwmK","rect":[0,0,60,15],"offset":[0,0],"originalSize":[60,15],"capInsets":[10,4,10,4]}},{"__type__":"cc.AnimationClip","_name":"loading","_duration":3.25,"curveData":{"props":{"width":[{"frame":0,"value":0},{"frame":0.08333333333333333,"value":10},{"frame":0.16666666666666666,"value":20},{"frame":0.25,"value":30},{"frame":0.6666666666666666,"value":40},{"frame":0.75,"value":45},{"frame":0.8333333333333334,"value":50},{"frame":0.9166666666666666,"value":55},{"frame":1,"value":60},{"frame":1.0833333333333333,"value":65},{"frame":1.1666666666666667,"value":70},{"frame":1.25,"value":75},{"frame":1.3333333333333333,"value":80},{"frame":1.4166666666666667,"value":85},{"frame":1.5,"value":90},{"frame":1.5833333333333333,"value":95},{"frame":1.6833333333333333,"value":100},{"frame":1.75,"value":110},{"frame":1.8333333333333333,"value":120},{"frame":1.9166666666666667,"value":130},{"frame":2,"value":140},{"frame":2.0833333333333335,"value":150},{"frame":2.1666666666666665,"value":160},{"frame":2.25,"value":170},{"frame":2.3333333333333335,"value":180},{"frame":2.4166666666666665,"value":190},{"frame":2.5,"value":200},{"frame":2.5833333333333335,"value":210},{"frame":2.6666666666666665,"value":220},{"frame":2.75,"value":230},{"frame":2.8333333333333335,"value":240},{"frame":2.9166666666666665,"value":250},{"frame":3,"value":260},{"frame":3.0833333333333335,"value":270},{"frame":3.1666666666666665,"value":280},{"frame":3.25,"value":300}]}}},[{"__type__":"cc.SceneAsset","_name":"home","scene":{"__id__":1},"asyncLoadAssets":null},{"__type__":"cc.Scene","_name":"New Node","_children":[{"__id__":2}],"_anchorPoint":{"__type__":"cc.Vec2"},"_trs":{"__type__":"TypedArray","ctor":"Float64Array","array":[0,0,0,0,0,0,1,1,1,1]}},{"__type__":"cc.Node","_name":"Canvas","_parent":{"__id__":1},"_children":[{"__id__":3},{"__id__":4},{"__id__":5},{"__id__":7},{"__id__":9},{"__id__":11}],"_components":[{"__type__":"cc.Canvas","node":{"__id__":2}},{"__type__":"cc.Widget","node":{"__id__":2},"_alignFlags":45}],"_contentSize":{"__type__":"cc.Size","width":960,"height":640},"_trs":{"__type__":"TypedArray","ctor":"Float64Array","array":[480,320,0,0,0,0,1,1,1,1]},"_id":"a5esZu+45LA5mBpvttspPD"},{"__type__":"cc.Node","_name":"Main Camera","_parent":{"__id__":2},"_components":[{"__type__":"cc.Camera","node":{"__id__":3},"_clearFlags":7,"_depth":-1}],"_contentSize":{"__type__":"cc.Size","width":960,"height":640},"_trs":{"__type__":"TypedArray","ctor":"Float64Array","array":[0,0,312.28433380031316,0,0,0,1,1,1,1]}},{"__type__":"cc.Node","_name":"10","_parent":{"__id__":2},"_components":[{"__type__":"cc.Sprite","node":{"__id__":4},"_materials":[{"__uuid__":"ecpdLyjvZBwrvm+cedCcQy"}],"_spriteFrame":{"__uuid__":"25xlVVlO1JiZa6zbKGoV38"},"_sizeMode":0}],"_contentSize":{"__type__":"cc.Size","width":960,"height":640},"_trs":{"__type__":"TypedArray","ctor":"Float64Array","array":[0,0,0,0,0,0,1,1,1,1]}},{"__type__":"cc.Node","_name":"startgame","_parent":{"__id__":2},"_children":[{"__id__":6}],"_components":[{"__type__":"cc.Button","node":{"__id__":5},"clickEvents":[{"__type__":"cc.ClickEvent","target":{"__id__":5},"_componentId":"f15adQLwvJPGq6DE/je84AF","handler":"toscene1"}],"_N$transition":2,"transition":2,"_N$normalColor":{"__type__":"cc.Color","r":230,"g":230,"b":230},"_N$pressedColor":{"__type__":"cc.Color","r":200,"g":200,"b":200},"pressedColor":{"__type__":"cc.Color","r":200,"g":200,"b":200},"_N$disabledColor":{"__type__":"cc.Color","r":120,"g":120,"b":120,"a":200},"_N$target":{"__id__":6}},{"__type__":"f15adQLwvJPGq6DE/je84AF","node":{"__id__":5}}],"_contentSize":{"__type__":"cc.Size","width":100,"height":40},"_trs":{"__type__":"TypedArray","ctor":"Float64Array","array":[-375.456,-29.226,0,0,0,0,1,1.3,1.5,1.3]}},{"__type__":"cc.Node","_name":"Background","_parent":{"__id__":5},"_components":[{"__type__":"cc.Sprite","node":{"__id__":6},"_materials":[{"__uuid__":"ecpdLyjvZBwrvm+cedCcQy"}],"_type":1,"_sizeMode":0},{"__type__":"cc.Widget","node":{"__id__":6},"alignMode":0,"_alignFlags":45,"_originalWidth":100,"_originalHeight":40}],"_contentSize":{"__type__":"cc.Size","width":100,"height":40},"_trs":{"__type__":"TypedArray","ctor":"Float64Array","array":[0,0,0,0,0,0,1,1,1,1]}},{"__type__":"cc.Node","_name":"reading","_parent":{"__id__":2},"_children":[{"__id__":8}],"_components":[{"__type__":"cc.Button","node":{"__id__":7},"clickEvents":[{"__type__":"cc.ClickEvent","target":{"__id__":7},"_componentId":"f15adQLwvJPGq6DE/je84AF","handler":"tosave"}],"_N$transition":2,"transition":2,"_N$normalColor":{"__type__":"cc.Color","r":230,"g":230,"b":230},"_N$pressedColor":{"__type__":"cc.Color","r":200,"g":200,"b":200},"pressedColor":{"__type__":"cc.Color","r":200,"g":200,"b":200},"_N$disabledColor":{"__type__":"cc.Color","r":120,"g":120,"b":120,"a":200},"_N$target":{"__id__":8}},{"__type__":"f15adQLwvJPGq6DE/je84AF","node":{"__id__":7}}],"_contentSize":{"__type__":"cc.Size","width":100,"height":40},"_trs":{"__type__":"TypedArray","ctor":"Float64Array","array":[-187.329,68.732,0,0,0,0,1,1.5,1.6,1.5]}},{"__type__":"cc.Node","_name":"Background","_parent":{"__id__":7},"_components":[{"__type__":"cc.Sprite","node":{"__id__":8},"_materials":[{"__uuid__":"ecpdLyjvZBwrvm+cedCcQy"}],"_type":1,"_sizeMode":0},{"__type__":"cc.Widget","node":{"__id__":8},"alignMode":0,"_alignFlags":45,"_originalWidth":100,"_originalHeight":40}],"_contentSize":{"__type__":"cc.Size","width":100,"height":40},"_trs":{"__type__":"TypedArray","ctor":"Float64Array","array":[0,0,0,0,0,0,1,1,1,1]}},{"__type__":"cc.Node","_name":"helping","_parent":{"__id__":2},"_children":[{"__id__":10}],"_components":[{"__type__":"cc.Button","node":{"__id__":9},"clickEvents":[{"__type__":"cc.ClickEvent","target":{"__id__":9},"_componentId":"f15adQLwvJPGq6DE/je84AF","handler":"tohelp"}],"_N$transition":2,"transition":2,"_N$normalColor":{"__type__":"cc.Color","r":230,"g":230,"b":230},"_N$pressedColor":{"__type__":"cc.Color","r":200,"g":200,"b":200},"pressedColor":{"__type__":"cc.Color","r":200,"g":200,"b":200},"_N$disabledColor":{"__type__":"cc.Color","r":120,"g":120,"b":120,"a":200},"_N$target":{"__id__":10}},{"__type__":"f15adQLwvJPGq6DE/je84AF","node":{"__id__":9}}],"_contentSize":{"__type__":"cc.Size","width":100,"height":80},"_trs":{"__type__":"TypedArray","ctor":"Float64Array","array":[-235.501,-177.686,0,0,0,0,1,1.5,1.6,1.5]}},{"__type__":"cc.Node","_name":"Background","_parent":{"__id__":9},"_components":[{"__type__":"cc.Sprite","node":{"__id__":10},"_materials":[{"__uuid__":"ecpdLyjvZBwrvm+cedCcQy"}],"_type":1,"_sizeMode":0},{"__type__":"cc.Widget","node":{"__id__":10},"alignMode":0,"_alignFlags":45,"_originalWidth":100,"_originalHeight":40}],"_contentSize":{"__type__":"cc.Size","width":100,"height":80},"_trs":{"__type__":"TypedArray","ctor":"Float64Array","array":[0,0,0,0,0,0,1,1,1,1]}},{"__type__":"cc.Node","_name":"New ProgressBar","_parent":{"__id__":2},"_children":[{"__id__":12}],"_components":[{"__type__":"cc.Sprite","node":{"__id__":11},"_materials":[{"__uuid__":"ecpdLyjvZBwrvm+cedCcQy"}],"_spriteFrame":{"__uuid__":"8855/VlrRKd6H0MSRnFxAU"},"_type":1,"_sizeMode":0},{"__type__":"cc.ProgressBar","node":{"__id__":11},"_N$totalLength":300,"_N$barSprite":{"__id__":13},"_N$progress":0.4},{"__type__":"cebecqj8WNOR5u+qNdW9m+i","node":{"__id__":11}}],"_color":{"__type__":"cc.Color","r":111,"g":3,"b":3},"_contentSize":{"__type__":"cc.Size","width":300,"height":30},"_trs":{"__type__":"TypedArray","ctor":"Float64Array","array":[0,-226.037,0,0,0,0,1,1,1,1]}},{"__type__":"cc.Node","_name":"bar","_parent":{"__id__":11},"_components":[{"__id__":13},{"__type__":"cc.Animation","node":{"__id__":12},"_defaultClip":{"__uuid__":"d1BYK7s3xD3r2XpBOHAd/k"},"_clips":[{"__uuid__":"d1BYK7s3xD3r2XpBOHAd/k"}],"playOnLoad":true}],"_contentSize":{"__type__":"cc.Size","width":120,"height":15},"_anchorPoint":{"__type__":"cc.Vec2","y":0.5},"_trs":{"__type__":"TypedArray","ctor":"Float64Array","array":[-150,0,0,0,0,0,1,1,1,1]}},{"__type__":"cc.Sprite","node":{"__id__":12},"_materials":[{"__uuid__":"ecpdLyjvZBwrvm+cedCcQy"}],"_spriteFrame":{"__uuid__":"675ovJ2tVK2aLYfgPUWOMv"},"_type":1,"_sizeMode":0}]]