{
  "9836134e-b892-4283-b6b2-78b5acf3ed45": {
    "asset": 1669946466445,
    "meta": 1669947113076,
    "relativePath": "effects"
  },
  "430eccbf-bf2c-4e6e-8c0c-884bbb487f32": {
    "asset": 1669946466445,
    "meta": 1669947113115,
    "relativePath": "effects\\__builtin-editor-gizmo-line.effect"
  },
  "6c5cf6e1-b044-4eac-9431-835644d57381": {
    "asset": 1669946466445,
    "meta": 1669947113134,
    "relativePath": "effects\\__builtin-editor-gizmo-unlit.effect"
  },
  "115286d1-2e10-49ee-aab4-341583f607e8": {
    "asset": 1669946466445,
    "meta": 1669947113167,
    "relativePath": "effects\\__builtin-editor-gizmo.effect"
  },
  "abc2cb62-7852-4525-a90d-d474487b88f2": {
    "asset": 1669946466445,
    "meta": 1669947113248,
    "relativePath": "effects\\builtin-phong.effect"
  },
  "e2f00085-c597-422d-9759-52c360279106": {
    "asset": 1669946466445,
    "meta": 1669947113298,
    "relativePath": "effects\\builtin-toon.effect"
  },
  "f8e6b000-5643-4b86-9080-aa680ce1f599": {
    "asset": 1669946466492,
    "meta": 1669947113298,
    "relativePath": "image"
  },
  "71561142-4c83-4933-afca-cb7a17f67053": {
    "asset": 1669946466461,
    "meta": 1669947113337,
    "relativePath": "image\\default_btn_disabled.png"
  },
  "e851e89b-faa2-4484-bea6-5c01dd9f06e2": {
    "asset": 1669946466461,
    "meta": 1669947113337,
    "relativePath": "image\\default_btn_normal.png"
  },
  "edd215b9-2796-4a05-aaf5-81f96c9281ce": {
    "asset": 1669946466461,
    "meta": 1669947113352,
    "relativePath": "image\\default_editbox_bg.png"
  },
  "b43ff3c2-02bb-4874-81f7-f2dea6970f18": {
    "asset": 1669946466461,
    "meta": 1669947113352,
    "relativePath": "image\\default_btn_pressed.png"
  },
  "99170b0b-d210-46f1-b213-7d9e3f23098a": {
    "asset": 1669946466476,
    "meta": 1669947113368,
    "relativePath": "image\\default_progressbar_bg.png"
  },
  "d81ec8ad-247c-4e62-aa3c-d35c4193c7af": {
    "asset": 1669946466461,
    "meta": 1669947113368,
    "relativePath": "image\\default_panel.png"
  },
  "cfef78f1-c8df-49b7-8ed0-4c953ace2621": {
    "asset": 1669946466461,
    "meta": 1669947113385,
    "relativePath": "image\\default_progressbar.png"
  },
  "567dcd80-8bf4-4535-8a5a-313f1caf078a": {
    "asset": 1669946466476,
    "meta": 1669947113385,
    "relativePath": "image\\default_radio_button_off.png"
  },
  "4bab67cb-18e6-4099-b840-355f0473f890": {
    "asset": 1669946466476,
    "meta": 1669947113401,
    "relativePath": "image\\default_scrollbar_bg.png"
  },
  "9d60001f-b5f4-4726-a629-2659e3ded0b8": {
    "asset": 1669946466476,
    "meta": 1669947113401,
    "relativePath": "image\\default_radio_button_on.png"
  },
  "d6d3ca85-4681-47c1-b5dd-d036a9d39ea2": {
    "asset": 1669946466476,
    "meta": 1669947113417,
    "relativePath": "image\\default_scrollbar_vertical.png"
  },
  "617323dd-11f4-4dd3-8eec-0caf6b3b45b9": {
    "asset": 1669946466476,
    "meta": 1669947113417,
    "relativePath": "image\\default_scrollbar_vertical_bg.png"
  },
  "0275e94c-56a7-410f-bd1a-fc7483f7d14a": {
    "asset": 1669946466492,
    "meta": 1669947113437,
    "relativePath": "image\\default_sprite_splash.png"
  },
  "0291c134-b3da-4098-b7b5-e397edbe947f": {
    "asset": 1669946466476,
    "meta": 1669947113437,
    "relativePath": "image\\default_scrollbar.png"
  },
  "73a0903d-d80e-4e3c-aa67-f999543c08f5": {
    "asset": 1669946466492,
    "meta": 1669947113453,
    "relativePath": "image\\default_toggle_checkmark.png"
  },
  "6e056173-d285-473c-b206-40a7fff5386e": {
    "asset": 1669946466492,
    "meta": 1669947113453,
    "relativePath": "image\\default_sprite.png"
  },
  "c25b9d50-c8fc-4d27-beeb-6e7c1f2e5c0f": {
    "asset": 1669946466492,
    "meta": 1669947113469,
    "relativePath": "image\\default_toggle_disabled.png"
  },
  "d29077ba-1627-4a72-9579-7b56a235340c": {
    "asset": 1669946466492,
    "meta": 1669947113469,
    "relativePath": "image\\default_toggle_normal.png"
  },
  "b181c1e4-0a72-4a91-bfb0-ae6f36ca60bd": {
    "asset": 1669946466492,
    "meta": 1669947113485,
    "relativePath": "image\\default_toggle_pressed.png"
  },
  "5c3eedba-6c41-4c0c-9ba7-d91f813cbd1c": {
    "asset": 1669946466508,
    "meta": 1669947113485,
    "relativePath": "materials"
  },
  "600301aa-3357-4a10-b086-84f011fa32ba": {
    "asset": 1669946466461,
    "meta": 1669947113485,
    "relativePath": "image\\default-particle.png"
  },
  "fc09f9bd-2cce-4605-b630-8145ef809ed6": {
    "asset": 1669946466508,
    "meta": 1669947113485,
    "relativePath": "misc"
  },
  "c4480a0a-6ac5-443f-8b40-361a14257fc8": {
    "asset": 1669946466492,
    "meta": 1669947114138,
    "relativePath": "materials\\builtin-phong.mtl"
  },
  "db019bf7-f71c-4111-98cf-918ea180cb48": {
    "asset": 1669946466539,
    "meta": 1669947113501,
    "relativePath": "model"
  },
  "e39e96e6-6f6e-413f-bcf1-ac7679bb648a": {
    "asset": 1669946466523,
    "meta": 1669947113501,
    "relativePath": "model\\prefab"
  },
  "a87cc147-01b2-43f8-8e42-a7ca90b0c757": {
    "asset": 1669947113501,
    "meta": 1669947113501,
    "relativePath": "model\\prefab\\box.prefab"
  },
  "fe1417b6-fe6b-46a4-ae7c-9fd331f33a2a": {
    "asset": 1669947113501,
    "meta": 1669947113501,
    "relativePath": "model\\prefab\\capsule.prefab"
  },
  "b5fc2cf2-7942-483d-be1f-bbeadc4714ad": {
    "asset": 1669947113517,
    "meta": 1669947113517,
    "relativePath": "model\\prefab\\cone.prefab"
  },
  "2be36297-9abb-4fee-8049-9ed5e271da8a": {
    "asset": 1669946466508,
    "meta": 1669947113517,
    "relativePath": "misc\\default_video.mp4"
  },
  "1c5e4038-953a-44c2-b620-0bbfc6170477": {
    "asset": 1669947113517,
    "meta": 1669947113517,
    "relativePath": "model\\prefab\\cylinder.prefab"
  },
  "3f376125-a699-40ca-ad05-04d662eaa1f2": {
    "asset": 1669947113517,
    "meta": 1669947113517,
    "relativePath": "model\\prefab\\plane.prefab"
  },
  "6c9ef10d-b479-420b-bfe6-39cdda6a8ae0": {
    "asset": 1669947113532,
    "meta": 1669947113535,
    "relativePath": "model\\prefab\\quad.prefab"
  },
  "2d9a4b85-b0ab-4c46-84c5-18f393ab2058": {
    "asset": 1669947113537,
    "meta": 1669947113537,
    "relativePath": "model\\prefab\\sphere.prefab"
  },
  "de510076-056b-484f-b94c-83bef217d0e1": {
    "asset": 1669947113593,
    "meta": 1669947113593,
    "relativePath": "model\\prefab\\torus.prefab"
  },
  "f6e6dd15-71d1-4ffe-ace7-24fd39942c05": {
    "asset": 1669946466539,
    "meta": 1669947113593,
    "relativePath": "obsolete"
  },
  "8a96b965-2dc0-4e03-aa90-3b79cb93b5b4": {
    "asset": 1669946466539,
    "meta": 1669947113609,
    "relativePath": "obsolete\\atom.png"
  },
  "f743d2b6-b7ea-4c14-a55b-547ed4d0a045": {
    "asset": 1669946466555,
    "meta": 1669947113622,
    "relativePath": "particle"
  },
  "b8223619-7e38-47c4-841f-9160c232495a": {
    "asset": 1669946466539,
    "meta": 1669947114171,
    "relativePath": "obsolete\\atom.plist"
  },
  "d0a82d39-bede-46c4-b698-c81ff0dedfff": {
    "asset": 1669946466555,
    "meta": 1669947113638,
    "relativePath": "particle\\atom.png"
  },
  "ae6c6c98-11e4-452f-8758-75f5c6a56e83": {
    "asset": 1669946466617,
    "meta": 1669947113638,
    "relativePath": "prefab"
  },
  "897ef7a1-4860-4f64-968d-f5924b18668a": {
    "asset": 1669947113638,
    "meta": 1669947113638,
    "relativePath": "prefab\\2d-camera.prefab"
  },
  "70d7cdb0-04cd-41bb-9480-c06a4785f386": {
    "asset": 1669947113638,
    "meta": 1669947113638,
    "relativePath": "prefab\\3d-camera.prefab"
  },
  "70bbeb73-6dc2-4ee4-8faf-76b3a0e34ec4": {
    "asset": 1669947113657,
    "meta": 1669947113659,
    "relativePath": "prefab\\3d-particle.prefab"
  },
  "b2687ac4-099e-403c-a192-ff477686f4f5": {
    "asset": 1669946466539,
    "meta": 1669947114190,
    "relativePath": "particle\\atom.plist"
  },
  "ed88f13d-fcad-4848-aa35-65a2cb973584": {
    "asset": 1669947113663,
    "meta": 1669947113663,
    "relativePath": "prefab\\3d-stage.prefab"
  },
  "972b9a4d-47ee-4c74-b5c3-61d8a69bc29f": {
    "asset": 1669947113663,
    "meta": 1669947113663,
    "relativePath": "prefab\\button.prefab"
  },
  "2c937608-2562-40ea-b264-7395df6f0cea": {
    "asset": 1669947113663,
    "meta": 1669947113663,
    "relativePath": "prefab\\canvas.prefab"
  },
  "61aeb05b-3b32-452b-8eed-2b76deeed554": {
    "asset": 1669947113679,
    "meta": 1669947113679,
    "relativePath": "prefab\\editbox.prefab"
  },
  "27756ebb-3d33-44b0-9b96-e858fadd4dd4": {
    "asset": 1669947113685,
    "meta": 1669947113685,
    "relativePath": "prefab\\label.prefab"
  },
  "785a442c-3ceb-45be-a46e-7317f625f3b9": {
    "asset": 1669947113685,
    "meta": 1669947113693,
    "relativePath": "prefab\\layout.prefab"
  },
  "a3ee0214-b432-4865-9666-4a3211814282": {
    "asset": 1669946466586,
    "meta": 1669947113696,
    "relativePath": "prefab\\light"
  },
  "61906da3-7003-4bda-9abc-5769c76faee4": {
    "asset": 1669947113696,
    "meta": 1669947113696,
    "relativePath": "prefab\\light\\ambient.prefab"
  },
  "ddb99b39-7004-47cd-9705-751905c43c46": {
    "asset": 1669947113696,
    "meta": 1669947113696,
    "relativePath": "prefab\\light\\directional.prefab"
  },
  "0cf30284-9073-46bc-9eba-e62b69dbbff3": {
    "asset": 1669947113712,
    "meta": 1669947113712,
    "relativePath": "prefab\\light\\point.prefab"
  },
  "f5331fd2-bf42-4ee3-a3fd-3e1657600eff": {
    "asset": 1669947113712,
    "meta": 1669947113712,
    "relativePath": "prefab\\light\\spot.prefab"
  },
  "ca8401fe-ad6e-41a8-bd46-8e3e4e9945be": {
    "asset": 1669947113727,
    "meta": 1669947113727,
    "relativePath": "prefab\\pageview.prefab"
  },
  "cd33edea-55f5-46c2-958d-357a01384a36": {
    "asset": 1669947113737,
    "meta": 1669947113737,
    "relativePath": "prefab\\particlesystem.prefab"
  },
  "5965ffac-69da-4b55-bcde-9225d0613c28": {
    "asset": 1669947113755,
    "meta": 1669947113755,
    "relativePath": "prefab\\progressBar.prefab"
  },
  "4a37dd57-78cd-4cec-aad4-f11a73d12b63": {
    "asset": 1669947113755,
    "meta": 1669947113755,
    "relativePath": "prefab\\richtext.prefab"
  },
  "32044bd2-481f-4cf1-a656-e2b2fb1594eb": {
    "asset": 1669947113770,
    "meta": 1669947113770,
    "relativePath": "prefab\\scrollview.prefab"
  },
  "0004d1cf-a0ad-47d8-ab17-34d3db9d35a3": {
    "asset": 1669947113786,
    "meta": 1669947113786,
    "relativePath": "prefab\\slider.prefab"
  },
  "1f55e3be-b89b-4b79-88de-47fd31018044": {
    "asset": 1669947113804,
    "meta": 1669947113804,
    "relativePath": "prefab\\sprite_splash.prefab"
  },
  "96083d03-c332-4a3f-9386-d03e2d19e8ee": {
    "asset": 1669947113804,
    "meta": 1669947113804,
    "relativePath": "prefab\\sprite.prefab"
  },
  "7de03a80-4457-438d-95a7-3e7cdffd6086": {
    "asset": 1669947113804,
    "meta": 1669947113820,
    "relativePath": "prefab\\tiledmap.prefab"
  },
  "0e42ba95-1fa1-46aa-b2cf-143cd1bcee2c": {
    "asset": 1669947113820,
    "meta": 1669947113820,
    "relativePath": "prefab\\tiledtile.prefab"
  },
  "0d784963-d024-4ea6-a7db-03be0ad63010": {
    "asset": 1669947113820,
    "meta": 1669947113820,
    "relativePath": "prefab\\toggle.prefab"
  },
  "bf0a434c-84dd-4a8e-a08a-7a36f180cc75": {
    "asset": 1669947113835,
    "meta": 1669947113837,
    "relativePath": "prefab\\toggleContainer.prefab"
  },
  "d1b8be49-b0a0-435c-83b7-552bed4bbe35": {
    "asset": 1669947113837,
    "meta": 1669947113837,
    "relativePath": "prefab\\toggleGroup.prefab"
  },
  "232d2782-c4bd-4bb4-9e01-909f03d6d3b9": {
    "asset": 1669947113837,
    "meta": 1669947113837,
    "relativePath": "prefab\\videoplayer.prefab"
  },
  "d8afc78c-4eac-4a9f-83dd-67bc70344d33": {
    "asset": 1669946466649,
    "meta": 1669947113837,
    "relativePath": "resources"
  },
  "294c1663-4adf-4a1e-a795-53808011a38a": {
    "asset": 1669946466649,
    "meta": 1669947113837,
    "relativePath": "resources\\effects"
  },
  "30682f87-9f0d-4f17-8a44-72863791461b": {
    "asset": 1669946466633,
    "meta": 1669947113853,
    "relativePath": "resources\\effects\\builtin-2d-graphics.effect"
  },
  "144c3297-af63-49e8-b8ef-1cfa29b3be28": {
    "asset": 1669946466633,
    "meta": 1669947113869,
    "relativePath": "resources\\effects\\builtin-2d-gray-sprite.effect"
  },
  "f18742d7-56d2-4eb5-ae49-2d9d710b37c8": {
    "asset": 1669946466633,
    "meta": 1669947113884,
    "relativePath": "resources\\effects\\builtin-2d-label.effect"
  },
  "0e93aeaa-0b53-4e40-b8e0-6268b4e07bd7": {
    "asset": 1669946466633,
    "meta": 1669947113900,
    "relativePath": "resources\\effects\\builtin-2d-spine.effect"
  },
  "2874f8dd-416c-4440-81b7-555975426e93": {
    "asset": 1669946466633,
    "meta": 1669947113916,
    "relativePath": "resources\\effects\\builtin-2d-sprite.effect"
  },
  "829a282c-b049-4019-bd38-5ace8d8a6417": {
    "asset": 1669946466633,
    "meta": 1669947114004,
    "relativePath": "resources\\effects\\builtin-3d-particle.effect"
  },
  "8c5001fd-07ee-4a4b-a8a0-63e15195e94d": {
    "asset": 1669947114020,
    "meta": 1669947114022,
    "relativePath": "prefab\\webview.prefab"
  },
  "2a7c0036-e0b3-4fe1-8998-89a54b8a2bec": {
    "asset": 1669946466649,
    "meta": 1669947114048,
    "relativePath": "resources\\effects\\builtin-3d-trail.effect"
  },
  "c0040c95-c57f-49cd-9cbc-12316b73d0d4": {
    "asset": 1669946466649,
    "meta": 1669947114058,
    "relativePath": "resources\\effects\\builtin-clear-stencil.effect"
  },
  "6d91e591-4ce0-465c-809f-610ec95019c6": {
    "asset": 1669946466649,
    "meta": 1669947114077,
    "relativePath": "resources\\effects\\builtin-unlit.effect"
  },
  "bbee2217-c261-49bd-a8ce-708d6bcc3500": {
    "asset": 1669946466664,
    "meta": 1669947114084,
    "relativePath": "resources\\materials"
  },
  "6f801092-0c37-4f30-89ef-c8d960825b36": {
    "asset": 1669946466649,
    "meta": 1669947114252,
    "relativePath": "resources\\materials\\builtin-2d-base.mtl"
  },
  "a153945d-2511-4c14-be7b-05d242f47d57": {
    "asset": 1669946466649,
    "meta": 1669947114255,
    "relativePath": "resources\\materials\\builtin-2d-graphics.mtl"
  },
  "3a7bb79f-32fd-422e-ada2-96f518fed422": {
    "asset": 1669946466649,
    "meta": 1669947114257,
    "relativePath": "resources\\materials\\builtin-2d-gray-sprite.mtl"
  },
  "e02d87d4-e599-4d16-8001-e14891ac6506": {
    "asset": 1669946466649,
    "meta": 1669947114260,
    "relativePath": "resources\\materials\\builtin-2d-label.mtl"
  },
  "7afd064b-113f-480e-b793-8817d19f63c3": {
    "asset": 1669946466664,
    "meta": 1669947114265,
    "relativePath": "resources\\materials\\builtin-2d-spine.mtl"
  },
  "eca5d2f2-8ef6-41c2-bbe6-f9c79d09c432": {
    "asset": 1669946466664,
    "meta": 1669947114269,
    "relativePath": "resources\\materials\\builtin-2d-sprite.mtl"
  },
  "432fa09c-cf03-4cff-a186-982604408a07": {
    "asset": 1669946466664,
    "meta": 1669947114272,
    "relativePath": "resources\\materials\\builtin-3d-particle.mtl"
  },
  "466d4f9b-e5f4-4ea8-85d5-3c6e9a65658a": {
    "asset": 1669946466664,
    "meta": 1669947114272,
    "relativePath": "resources\\materials\\builtin-3d-trail.mtl"
  },
  "cf7e0bb8-a81c-44a9-ad79-d28d43991032": {
    "asset": 1669946466664,
    "meta": 1669947114272,
    "relativePath": "resources\\materials\\builtin-clear-stencil.mtl"
  },
  "2a296057-247c-4a1c-bbeb-0548b6c98650": {
    "asset": 1669946466664,
    "meta": 1669947114272,
    "relativePath": "resources\\materials\\builtin-unlit.mtl"
  },
  "954fec8b-cd16-4bb9-a3b7-7719660e7558": {
    "asset": 1669946466539,
    "meta": 1669947116657,
    "relativePath": "model\\primitives.fbx"
  },
  "f5394a54-1e2b-4e96-a519-91247804610d": {
    "asset": 1669984405429,
    "meta": 1669985519062,
    "relativePath": "textures"
  },
  "98bad2dd-7329-46f0-91b7-eb2f0c83c8bb": {
    "asset": 1669952322065,
    "meta": 1669952322131,
    "relativePath": "textures\\lbg.webp"
  },
  "7c2c9e0f-f6e1-4653-9cde-b3002ee79387": {
    "asset": 1669984280782,
    "meta": 1669985519060,
    "relativePath": "scripts"
  },
  "d3846d2b-3066-43c9-9174-366c4f588073": {
    "asset": 1670049457535,
    "meta": 1670049457551,
    "relativePath": "Scene\\Lose.fire"
  },
  "a9c773ac-7d75-45c0-bc8c-3a8a86c1b631": {
    "asset": 1669953537924,
    "meta": 1669953562105,
    "relativePath": "scripts\\Collision.ts"
  },
  "da5a8d88-e0c9-466c-9d37-beed658741c9": {
    "asset": 1669953621168,
    "meta": 1669953625562,
    "relativePath": "scripts\\Physize.ts"
  },
  "5018deeb-adf8-42db-becf-66f3bdc68350": {
    "asset": 1669985802124,
    "meta": 1669985802143,
    "relativePath": "Animation\\move.anim"
  },
  "070c5f7a-44d6-4573-807a-2144737fdad8": {
    "asset": 1669961173751,
    "meta": 1669968550911,
    "relativePath": "Animation"
  },
  "ea81ad1a-55f3-429c-b1d2-7f22ee5786e2": {
    "asset": 1669961268247,
    "meta": 1669961291785,
    "relativePath": "scripts\\Box.ts"
  },
  "2401dc2a-a3be-45f2-9b83-5a0dd575628e": {
    "asset": 1669964409786,
    "meta": 1669964424437,
    "relativePath": "scripts\\Rigid body.ts"
  },
  "427c086a-9bfe-4753-afb9-086b820fb7d6": {
    "asset": 1670049686995,
    "meta": 1670049687007,
    "relativePath": "Scene\\Game.fire"
  },
  "a2cc393b-097b-48d9-8990-b5f0bdbe22d3": {
    "asset": 1669985893928,
    "meta": 1670048202501,
    "relativePath": "Prefabs"
  },
  "030df420-23ed-4b13-acca-47621150bbd0": {
    "asset": 1669980108504,
    "meta": 1670048914936,
    "relativePath": "Scene\\Outside.fire"
  },
  "4b44963d-7d99-4b4b-ab0a-755b3ff914e6": {
    "asset": 1669979947636,
    "meta": 1669979956404,
    "relativePath": "textures\\outside.jpg"
  },
  "a15b1297-1f55-4493-a0e2-846bcf4cc37c": {
    "asset": 1669986664086,
    "meta": 1670048202503,
    "relativePath": "Scene"
  },
  "b59fac4e-fbe8-499e-9bae-f6682e10e8bd": {
    "asset": 1669984110586,
    "meta": 1669984113279,
    "relativePath": "scripts\\Back.ts"
  },
  "4cb2fa93-7f64-44d5-b815-b9d33ec9fe0c": {
    "asset": 1669984398588,
    "meta": 1669984398653,
    "relativePath": "textures\\desk.png"
  },
  "5c749f7f-e89e-407d-bd37-47603a20177f": {
    "asset": 1669984405427,
    "meta": 1669984405496,
    "relativePath": "textures\\door.jpg"
  },
  "0b459565-1369-4df3-96bd-c3b7b2724048": {
    "asset": 1669985893919,
    "meta": 1669985893928,
    "relativePath": "Prefabs\\box.prefab"
  },
  "1bd5abbd-54a8-4f9f-ba3d-5fe89bc9524a": {
    "asset": 1670048246325,
    "meta": 1670048246378,
    "relativePath": "textures\\lbg.jpg"
  },
  "4b82e407-3fef-4fe5-8977-20bc9e8eaae6": {
    "asset": 1670048444313,
    "meta": 1670048447054,
    "relativePath": "scripts\\CollisionCallback.ts"
  },
  "18f6ad2c-de55-4615-9e99-0e65db24e070": {
    "asset": 1670049360650,
    "meta": 1670049360665,
    "relativePath": "Scene\\Win.fire"
  },
  "1167d874-39c0-4dbb-a7a3-6c48ea6047d2": {
    "asset": 1670049141822,
    "meta": 1670049144153,
    "relativePath": "scripts\\GoOutside.ts"
  },
  "af2fe184-c1d1-40d4-b128-80565ef408b5": {
    "asset": 1670049599645,
    "meta": 1670049601837,
    "relativePath": "scripts\\MainController.ts"
  }
}