{
  "version": "1.1.1",
  "windows": {
    "main": {
      "main": true,
      "url": "app://editor/index.html",
      "windowType": "dockable",
      "x": 0,
      "y": 0,
      "width": 1440,
      "height": 912,
      "layout": {
        "children": [
          {
            "children": [
              {
                "active": 0,
                "children": [
                  "hierarchy"
                ],
                "height": 397.66668701171875,
                "type": "panel",
                "width": 268.8125
              },
              {
                "active": 0,
                "children": [
                  "assets"
                ],
                "height": 395.65625,
                "type": "panel",
                "width": 268.8125
              }
            ],
            "height": 796.3333740234375,
            "type": "dock-v",
            "width": 268.8125
          },
          {
            "children": [
              {
                "active": 0,
                "children": [
                  "scene"
                ],
                "height": 439.29168701171875,
                "type": "panel",
                "width": 764.4583740234375
              },
              {
                "active": 0,
                "children": [
                  "console",
                  "timeline"
                ],
                "height": 354.04168701171875,
                "type": "panel",
                "width": 764.4583740234375
              }
            ],
            "height": 796.3333740234375,
            "type": "dock-v",
            "width": 764.4583740234375
          },
          {
            "active": 0,
            "children": [
              "inspector"
            ],
            "height": 796.3333740234375,
            "type": "panel",
            "width": 386.72918701171875
          }
        ],
        "type": "dock-h"
      },
      "panels": [
        "hierarchy",
        "assets",
        "scene",
        "console",
        "timeline",
        "inspector"
      ]
    }
  },
  "panels": {
    "preferences": {
      "x": 430,
      "y": 176,
      "width": 602,
      "height": 564
    },
    "cocos-services": {
      "x": 560,
      "y": 160,
      "width": 320,
      "height": 594
    },
    "game-window": {
      "x": 460,
      "y": 176,
      "width": 516,
      "height": 538
    }
  },
  "panelLabelWidth": {
    "preferences": null,
    "inspector": null
  }
}
